,id,place,speedrun_link,submitted_date,primary_time_seconds,real_time_seconds,player_id,player_name,player_country,platform,verified
0,yoxwn51y,1,http://www.speedrun.com/sm64/run/yoxwn51y,2024-11-17T10:44:15Z,2786,2786,jn32931x,Suigi,Canada,N64,Yes
1,zpo7ornm,2,http://www.speedrun.com/sm64/run/zpo7ornm,2025-09-16T16:05:30Z,2788,2788,,,,N64,No
2,zqqn9jrz,3,http://www.speedrun.com/sm64/run/zqqn9jrz,2024-11-02T19:21:23Z,2790,2790,1xy9p1vj,taihou,Japan,EMU,Yes
3,zq2kgl5z,4,http://www.speedrun.com/sm64/run/zq2kgl5z,2024-11-28T16:24:47Z,2795,2795,kjprmwk8,Weegee,United States,N64,Yes
4,mew4438m,5,http://www.speedrun.com/sm64/run/mew4438m,2024-04-02T02:08:17Z,2806,2806,x353dr7j,Finnii602,Germany,VC,Yes
5,y40lrekz,6,http://www.speedrun.com/sm64/run/y40lrekz,2026-01-06T00:27:01Z,2811,2811,jmolpwo8,Raisn,Germany,EMU,Yes
6,yj211d3m,7,http://www.speedrun.com/sm64/run/yj211d3m,2023-06-03T16:03:45Z,2814,2814,8wkzer38,Parsee02,Japan,N64,Yes
7,z1q2w59y,8,http://www.speedrun.com/sm64/run/z1q2w59y,2023-01-29T01:10:07Z,2816,2816,18v62qyx,Benji64,Austria,N64,Yes
8,znkq498z,9,http://www.speedrun.com/sm64/run/znkq498z,2020-06-12T18:02:14Z,2819,2819,zx7gnyx7,Dwhatever,Germany,N64,Yes
9,y8pjk2dz,9,http://www.speedrun.com/sm64/run/y8pjk2dz,2024-08-25T13:36:30Z,2819,2819,kjpqrr4x,Goldrush,Japan,N64,Yes
10,megk4q9y,11,http://www.speedrun.com/sm64/run/megk4q9y,2024-07-13T08:30:52Z,2821,2821,jm3lqln8,Mauir,Chile,EMU,Yes
11,y8w614wy,12,http://www.speedrun.com/sm64/run/y8w614wy,2024-05-02T11:51:34Z,2825,2825,j51q9668,RianDiCielo,Panama,VC,Yes
12,mkw6x4lm,13,http://www.speedrun.com/sm64/run/mkw6x4lm,2025-09-08T22:18:28Z,2829,2829,1xyd46wx,Kally,United States,N64,Yes
13,mr64opgm,14,http://www.speedrun.com/sm64/run/mr64opgm,2022-01-03T15:22:37Z,2830,2830,jo2mr9n8,marlene,,N64,No
14,yl5p76rz,14,http://www.speedrun.com/sm64/run/yl5p76rz,2026-01-12T15:21:04Z,2830,2830,v813p3lx,Armada,Sweden,N64,Yes
15,m3q295gy,16,http://www.speedrun.com/sm64/run/m3q295gy,2023-08-08T07:09:45Z,2833,2833,7j40gpw8,tokumeiR,Antarctica,N64,Yes
16,yj77n73y,17,http://www.speedrun.com/sm64/run/yj77n73y,2026-01-26T17:18:56Z,2834,2834,jpmk03yj,Zapy,Japan,N64,Yes
17,y4np23dm,18,http://www.speedrun.com/sm64/run/y4np23dm,2025-09-12T23:23:30Z,2836,2836,xk4zke6j,ElDeve,Argentina,EMU,Yes
18,zn3pr37y,19,http://www.speedrun.com/sm64/run/zn3pr37y,2020-11-11T01:42:44Z,2838,2838,zx76v0j7,Taggo,Sweden,N64,Yes
19,zq52138z,20,http://www.speedrun.com/sm64/run/zq52138z,2026-01-11T19:14:41Z,2840,2840,8l3ldyl8,jumpmanmatthew,United States,N64,Yes
20,zpo57dnm,21,http://www.speedrun.com/sm64/run/zpo57dnm,2025-08-21T11:28:16Z,2841,2841,5j52dgqj,lunarjump,United States,N64,Yes
21,znrw18ly,22,http://www.speedrun.com/sm64/run/znrw18ly,2019-05-19T12:28:58Z,2843,2843,48gev4rj,puncayshun,United States,N64,Yes
22,me7xg3qy,22,http://www.speedrun.com/sm64/run/me7xg3qy,2021-04-25T03:30:35Z,2843,2843,o86nzl0x,Xoofey,United States,N64,Yes
23,y2pn586z,22,http://www.speedrun.com/sm64/run/y2pn586z,2022-07-01T13:54:45Z,2843,2843,v814mkp8,cheese,Spain,N64,Yes
24,yo5kgddz,25,http://www.speedrun.com/sm64/run/yo5kgddz,2025-10-24T10:59:32Z,2845,2845,j2ylqn68,Karin,Japan,N64,Yes
25,z1x2q7wm,26,http://www.speedrun.com/sm64/run/z1x2q7wm,2021-09-07T00:05:52Z,2847,2847,o862d3xz,Biinny,England,N64,Yes
26,znv5po3m,27,http://www.speedrun.com/sm64/run/znv5po3m,2023-08-10T18:06:46Z,2849,2849,xyrqdwmj,Zhilkan,Spain,EMU,Yes
27,yvxrkeez,28,http://www.speedrun.com/sm64/run/yvxrkeez,2024-09-01T22:48:43Z,2851,2851,kj92gmv8,Dowsky,United States,N64,Yes
28,zqpv1j5m,28,http://www.speedrun.com/sm64/run/zqpv1j5m,2025-06-13T17:38:26Z,2851,2851,v81ddq38,Smau,Finland,N64,Yes
29,y8goow5z,28,http://www.speedrun.com/sm64/run/y8goow5z,2025-08-08T01:35:04Z,2851,2851,j0n10kw8,jaquarium,United States,N64,Yes
30,y8dw71wz,31,http://www.speedrun.com/sm64/run/y8dw71wz,2021-06-18T05:04:40Z,2855,2855,48gqo07j,darkdog47,United States,N64,Yes
31,zpw6d88y,32,http://www.speedrun.com/sm64/run/zpw6d88y,2023-07-22T00:40:35Z,2856,2856,x35rvpkj,Scythamer,United States,N64,Yes
32,zgq48vdy,33,http://www.speedrun.com/sm64/run/zgq48vdy,2022-11-23T22:56:21Z,2857,2857,dx35192j,Dezanig,Brazil,N64,Yes
33,yddx4q0y,34,http://www.speedrun.com/sm64/run/yddx4q0y,2022-07-20T22:52:15Z,2858,2858,kjp9p28q,Sigotu,Poland,EMU,Yes
34,yd2dj4jm,35,http://www.speedrun.com/sm64/run/yd2dj4jm,2023-11-18T16:28:46Z,2862,2862,xyrdnrnj,Chemus,Brazil,EMU,Yes
35,mkd23l3y,36,http://www.speedrun.com/sm64/run/mkd23l3y,2022-08-08T20:53:43Z,2863,2863,zx77v7rx,simply,United States,N64,Yes
36,mko3l01z,36,http://www.speedrun.com/sm64/run/mko3l01z,2024-12-24T02:05:22Z,2863,2863,8vo9o92x,Carlos64,Spain,EMU,Yes
37,m3vweewz,38,http://www.speedrun.com/sm64/run/m3vweewz,2025-08-09T17:46:24Z,2865,2865,8v5253yj,taciturn,United States,EMU,Yes
38,y4qvrddm,39,http://www.speedrun.com/sm64/run/y4qvrddm,2022-07-15T06:03:02Z,2866,2866,pj0o24rj,Aleph64,Germany,VC,Yes
39,m7wr5j4z,40,http://www.speedrun.com/sm64/run/m7wr5j4z,2022-03-29T02:34:19Z,2867,2867,y8d2v2mj,ChipGroove,United States,N64,Yes
40,y8k7g01y,41,http://www.speedrun.com/sm64/run/y8k7g01y,2024-02-04T23:27:01Z,2868,2868,v816eo5x,Soda,,VC,Yes
41,ywgneq3z,42,http://www.speedrun.com/sm64/run/ywgneq3z,2024-05-07T00:01:42Z,2872,2872,98rl4w38,HorrorDoesSpeedRuns,United States,N64,Yes
42,yvp55k8y,43,http://www.speedrun.com/sm64/run/yvp55k8y,2023-08-12T22:09:30Z,2873,2873,18q3zwqj,Dekudude,England,N64,Yes
43,y9klgokz,43,http://www.speedrun.com/sm64/run/y9klgokz,2023-11-12T19:11:53Z,2873,2873,o866w58z,Xiah,Japan,N64,Yes
44,zq2nwl5z,45,http://www.speedrun.com/sm64/run/zq2nwl5z,2025-03-27T06:27:20Z,2874,2874,kj9z6pn8,Sunnard,France,EMU,Yes
45,zp56jpny,45,http://www.speedrun.com/sm64/run/zp56jpny,2026-01-04T04:24:52Z,2874,2874,zx7nlkq8,bev_prune_,Australia,N64,Yes
46,ydr2q0xz,47,http://www.speedrun.com/sm64/run/ydr2q0xz,2021-06-12T23:50:10Z,2875,2875,qxk45r6j,hokorobi,Japan,N64,Yes
47,yl64xnxy,48,http://www.speedrun.com/sm64/run/yl64xnxy,2023-05-11T03:49:50Z,2877,2877,8d4ywn58,vitroncio,Brazil,N64,Yes
48,z1kl3j9y,49,http://www.speedrun.com/sm64/run/z1kl3j9y,2023-12-06T15:20:36Z,2878,2878,v8lgdovj,Drac,Brazil,N64,Yes
49,y6j5650m,50,http://www.speedrun.com/sm64/run/y6j5650m,2025-05-17T04:38:07Z,2879,2879,jpm2m44j,happydude124,United States,EMU,Yes
50,m3w9kvgy,51,http://www.speedrun.com/sm64/run/m3w9kvgy,2024-12-01T01:09:26Z,2880,2880,qj2y1r68,JJsrl,United States,VC,Yes
51,z00ep1ez,51,http://www.speedrun.com/sm64/run/z00ep1ez,2025-04-27T17:52:47Z,2880,2880,86nnlvqx,Banova8,France,N64,Yes
52,z0kpg7em,53,http://www.speedrun.com/sm64/run/z0kpg7em,2025-12-03T04:19:35Z,2881,2881,qj2w3rpj,BlueBob,Canada,N64,Yes
53,yvnndjom,54,http://www.speedrun.com/sm64/run/yvnndjom,2025-03-13T17:55:06Z,2882,2882,j5vgqlw8,crazywhw,United States,N64,Yes
54,8y8nlddy,55,http://www.speedrun.com/sm64/run/8y8nlddy,2017-01-03T18:51:38Z,2894,2894,kj9lkowj,batora,Japan,N64,Yes
55,yd6wlnvz,55,http://www.speedrun.com/sm64/run/yd6wlnvz,2019-09-21T15:01:29Z,2894,2894,98rp5e6j,Paracusia,Australia,N64,Yes
56,mkp9q21y,55,http://www.speedrun.com/sm64/run/mkp9q21y,2024-02-27T00:43:07Z,2894,2894,0jmo9zn8,Redmoss,United States,N64,Yes
57,zpxk0pnm,58,http://www.speedrun.com/sm64/run/zpxk0pnm,2024-10-11T04:50:08Z,2895,2895,5j5qzewj,Keubab,France,N64,Yes
58,zx8g4kqm,59,http://www.speedrun.com/sm64/run/zx8g4kqm,2022-08-23T14:31:44Z,2896,2896,kj9egwv8,Afrodafro,Norway,N64,Yes
59,y6elnejz,59,http://www.speedrun.com/sm64/run/y6elnejz,2024-07-23T14:01:54Z,2896,2896,pj0l653j,FailmanFlo,Germany,N64,Yes
60,zqwn21rz,61,http://www.speedrun.com/sm64/run/zqwn21rz,2020-08-14T23:51:22Z,2897,2897,kjpqy9yx,Gainai,Germany,N64,Yes
61,ywgnw20z,61,http://www.speedrun.com/sm64/run/ywgnw20z,2024-05-11T04:32:26Z,2897,2897,xk31v928,Dude095,United States,EMU,Yes
62,y4lwwjdz,63,http://www.speedrun.com/sm64/run/y4lwwjdz,2024-07-27T18:58:04Z,2898,2898,jp47de4j,lerrythelobtser,Canada,N64,Yes
63,me7glq8y,64,http://www.speedrun.com/sm64/run/me7glq8y,2021-06-20T23:57:31Z,2899,2899,y8dz54gj,Maosfx,United States,VC,Yes
64,me8296qm,65,http://www.speedrun.com/sm64/run/me8296qm,2019-02-20T17:15:18Z,2900,2900,kj9ylvx4,V1RO,Canada,N64,Yes
65,mk4pgr1y,66,http://www.speedrun.com/sm64/run/mk4pgr1y,2018-01-15T20:38:02Z,2902,2902,,,,N64,Yes
66,zng731lm,66,http://www.speedrun.com/sm64/run/zng731lm,2025-06-19T11:48:05Z,2902,2902,xkmnnmmj,ZUMMI,Italy,EMU,Yes
67,ydg55pxy,68,http://www.speedrun.com/sm64/run/ydg55pxy,2022-12-25T23:43:54Z,2903,2903,68wwn48g,Mitagi,Japan,N64,Yes
68,zn4g8v3m,69,http://www.speedrun.com/sm64/run/zn4g8v3m,2019-02-17T22:11:43Z,2904,2904,kj9yz0wx,Liam,United States,N64,Yes
69,zqwq7j9z,69,http://www.speedrun.com/sm64/run/zqwq7j9z,2020-07-18T10:34:14Z,2904,2904,1xyl49zj,Nebula,Australia,EMU,Yes
70,m3wvdndy,71,http://www.speedrun.com/sm64/run/m3wvdndy,2025-03-14T16:39:23Z,2905,2905,8e6vr17j,piegolds,Australia,EMU,Yes
71,zqer725z,72,http://www.speedrun.com/sm64/run/zqer725z,2022-12-20T17:28:47Z,2906,2906,8wlk4n4j,Kaimatix,England,N64,No
72,y6q0866z,72,http://www.speedrun.com/sm64/run/y6q0866z,2023-11-20T00:31:54Z,2906,2906,qjn77418,sorichi,Japan,N64,No
73,nz1lv6jm,74,http://www.speedrun.com/sm64/run/nz1lv6jm,2016-06-25T21:30:46Z,2908,2908,dx351yqj,siglemic,United States,VC,Yes
74,mr4w5e2z,75,http://www.speedrun.com/sm64/run/mr4w5e2z,2021-03-28T10:19:01Z,2909,2909,zxze2zex,Flixer,United States,N64,Yes
75,z07nxx9y,75,http://www.speedrun.com/sm64/run/z07nxx9y,2021-09-24T10:42:02Z,2909,2909,e8e6edj0,GothicLogic,United Kingdom,N64,Yes
76,zqvl259m,75,http://www.speedrun.com/sm64/run/zqvl259m,2021-11-22T14:15:10Z,2909,2909,18vk21yj,Tabascoth,Austria,N64,Yes
77,zgrjqxem,78,http://www.speedrun.com/sm64/run/zgrjqxem,2021-10-23T03:40:35Z,2910,2910,qxk4wo6j,saksdal,United States,N64,Yes
78,m3q9n0wy,79,http://www.speedrun.com/sm64/run/m3q9n0wy,2023-04-24T22:26:06Z,2911,2911,qxkvqp2j,PKT_S,France,N64,Yes
79,zxqkek8m,80,http://www.speedrun.com/sm64/run/zxqkek8m,2024-03-06T23:13:24Z,2912,2912,0jm36qe8,Xein64,Germany,N64,Yes
80,y2re819m,81,http://www.speedrun.com/sm64/run/y2re819m,2025-12-08T21:59:08Z,2914,2914,jm0wk0y8,Kayleee,Canada,N64,Yes
81,y6q9pkqz,82,http://www.speedrun.com/sm64/run/y6q9pkqz,2023-10-30T13:05:05Z,2915,2915,zxzqlnrx,Cysse,France,EMU,Yes
82,y9w080kz,83,http://www.speedrun.com/sm64/run/y9w080kz,2025-10-21T18:32:00Z,2917,2917,0jmw6wex,Bombs,United States,N64,Yes
83,y96n6n2y,84,http://www.speedrun.com/sm64/run/y96n6n2y,2023-01-08T13:41:29Z,2918,2918,x359w0kj,mads_x3,Australia,N64,Yes
84,m7o5rpwy,85,http://www.speedrun.com/sm64/run/m7o5rpwy,2024-08-05T21:27:08Z,2919,2919,98rky4qx,BigCheese,United States,VC,Yes
85,z5w66nnz,85,http://www.speedrun.com/sm64/run/z5w66nnz,2025-08-20T11:45:43Z,2919,2919,xyreddzj,squimmie,United States,N64,Yes
86,z160g7wm,85,http://www.speedrun.com/sm64/run/z160g7wm,2025-08-24T14:50:35Z,2919,2919,8enge328,BenedictFleur123,Netherlands,EMU,Yes
87,y6j1onpm,88,http://www.speedrun.com/sm64/run/y6j1onpm,2025-09-06T14:25:25Z,2920,2920,qxkrpqm8,Dackage,United States,EMU,Yes
88,m7wn419z,89,http://www.speedrun.com/sm64/run/m7wn419z,2022-02-16T06:15:55Z,2921,2921,xkogpw98,Flandral,Brazil,EMU,Yes
89,ywxdw40m,89,http://www.speedrun.com/sm64/run/ywxdw40m,2024-08-04T15:02:32Z,2921,2921,8ew0dk28,NotGorilla,Sweden,EMU,Yes
90,z5gxe55m,89,http://www.speedrun.com/sm64/run/z5gxe55m,2024-09-05T00:04:49Z,2921,2921,j4rpn7d8,Nils,Sweden,N64,Yes
91,y405k2nz,89,http://www.speedrun.com/sm64/run/y405k2nz,2025-10-01T12:20:32Z,2921,2921,xzlelze8,xWicko,Australia,N64,Yes
92,y6lgewjy,93,http://www.speedrun.com/sm64/run/y6lgewjy,2020-01-15T22:30:01Z,2922,2922,5j5v2nz8,Shans,Australia,EMU,Yes
93,mkwn45lm,94,http://www.speedrun.com/sm64/run/mkwn45lm,2025-08-28T02:53:38Z,2924,2924,jo1o36nx,noso,Australia,EMU,Yes
94,9mewgx3m,95,http://www.speedrun.com/sm64/run/9mewgx3m,2016-08-27T22:18:04Z,2925,2925,18q3r20j,Animazism,Wales,N64,No
95,jy9p82em,96,http://www.speedrun.com/sm64/run/jy9p82em,2016-10-26T02:40:22Z,2926,2926,kj96o2nj,bluntslide42,United States,VC,Yes
96,y6pok91m,96,http://www.speedrun.com/sm64/run/y6pok91m,2018-12-05T09:53:43Z,2926,2926,dx35yzej,TriforceTK,United States,EMU,Yes
97,z0lxd2oz,96,http://www.speedrun.com/sm64/run/z0lxd2oz,2022-09-28T07:19:50Z,2926,2926,5j5w6qnj,kryptic80,United States,N64,Yes
98,yo7n067m,99,http://www.speedrun.com/sm64/run/yo7n067m,2021-06-10T22:37:59Z,2927,2927,v815edqj,Terji,Faroe Islands,N64,Yes
99,yl7kk5xm,99,http://www.speedrun.com/sm64/run/yl7kk5xm,2022-04-27T06:07:54Z,2927,2927,v8lem77x,Frost_Byte,United States,N64,Yes
100,mrrv9g2m,101,http://www.speedrun.com/sm64/run/mrrv9g2m,2022-10-01T21:48:09Z,2928,2928,j4rg3z58,CheesyLeech,United States,N64,Yes
101,yvpl4w6y,101,http://www.speedrun.com/sm64/run/yvpl4w6y,2023-07-19T21:36:57Z,2928,2928,pj0v59xw,Wilko,Germany,N64,Yes
102,zpojp6xm,101,http://www.speedrun.com/sm64/run/zpojp6xm,2025-09-07T05:58:34Z,2928,2928,jp4q645j,GoodGrieth,,N64,Yes
103,y6pjeeqm,104,http://www.speedrun.com/sm64/run/y6pjeeqm,2019-02-26T05:39:02Z,2929,2929,zxzvprjq,toastrider91,Chad,N64,Yes
104,y8vw485z,104,http://www.speedrun.com/sm64/run/y8vw485z,2021-03-09T20:15:37Z,2929,2929,18q9317j,kagami,Japan,N64,Yes
105,y9ldjq2y,104,http://www.speedrun.com/sm64/run/y9ldjq2y,2022-02-20T07:53:14Z,2929,2929,kjpoery8,Falcon,Canada,N64,Yes
106,zqp0779m,104,http://www.speedrun.com/sm64/run/zqp0779m,2025-06-20T20:09:21Z,2929,2929,v810d5rx,SubmarineCpt,United States,EMU,Yes
107,zxl5825z,108,http://www.speedrun.com/sm64/run/zxl5825z,2022-03-07T05:36:54Z,2930,2930,x354692j,manxmud,United States,N64,Yes
108,zqq3ln1z,108,http://www.speedrun.com/sm64/run/zqq3ln1z,2024-07-21T10:55:36Z,2930,2930,zxzn3w9x,spener1122,Canada,N64,Yes
109,zpo42orm,110,http://www.speedrun.com/sm64/run/zpo42orm,2025-05-11T01:33:53Z,2931,2931,8geo5gpj,Unknown1470,United States,EMU,Yes
110,yvxg5poz,111,http://www.speedrun.com/sm64/run/yvxg5poz,2024-07-15T17:20:04Z,2932,2932,qjor2nj6,Odme_,United States,VC,Yes
111,zx7el38y,112,http://www.speedrun.com/sm64/run/zx7el38y,2022-07-27T06:00:48Z,2934,2934,8geyo77j,Leysauce,United States,N64,No
112,yw2o770y,112,http://www.speedrun.com/sm64/run/yw2o770y,2025-08-27T05:41:45Z,2934,2934,8r7412qj,Rynnoo,United States,N64,Yes
113,zx0el18z,112,http://www.speedrun.com/sm64/run/zx0el18z,2025-09-14T03:40:10Z,2934,2934,v8lq4k7x,badroenis,United States,N64,Yes
114,yo45jjjm,115,http://www.speedrun.com/sm64/run/yo45jjjm,2018-03-06T09:20:56Z,2935,2935,0jm7n3nj,phantaxx,United States,N64,Yes
115,meoo443z,115,http://www.speedrun.com/sm64/run/meoo443z,2020-04-26T02:46:02Z,2935,2935,zxzpz50j,Fafel,Japan,N64,Yes
116,yvve136y,115,http://www.speedrun.com/sm64/run/yvve136y,2024-01-22T03:38:29Z,2935,2935,qjnw4rdj,CapruSin,United States,EMU,Yes
117,y6dxjnjm,118,http://www.speedrun.com/sm64/run/y6dxjnjm,2021-06-01T23:08:03Z,2936,2936,qjoe6e86,Widdit,United States,N64,Yes
118,y98nnxvz,118,http://www.speedrun.com/sm64/run/y98nnxvz,2023-06-03T16:05:46Z,2936,2936,j2636gox,smc_,Scotland,N64,Yes
119,zngpg9lm,118,http://www.speedrun.com/sm64/run/zngpg9lm,2025-06-27T23:51:42Z,2936,2936,81q1oq5j,Ian_1243,Peru,EMU,Yes
120,1zqg11rm,121,http://www.speedrun.com/sm64/run/1zqg11rm,2015-08-20T01:50:43Z,2937,2937,e8eepzo8,alextolio,Greece,N64,Yes
121,y625j5pz,121,http://www.speedrun.com/sm64/run/y625j5pz,2023-05-25T05:19:14Z,2937,2937,18vkpkyj,KobrahCJ,United States,N64,Yes
122,yd22j1wm,121,http://www.speedrun.com/sm64/run/yd22j1wm,2023-12-18T07:00:55Z,2937,2937,8rpp0egj,Bluth,United States,N64,Yes
123,yjoj2woz,121,http://www.speedrun.com/sm64/run/yjoj2woz,2024-02-15T19:58:34Z,2937,2937,8w1rr94x,sanj,Canada,EMU,Yes
124,z1nqop9y,121,http://www.speedrun.com/sm64/run/z1nqop9y,2024-09-09T08:57:02Z,2937,2937,xzlq0er8,ricefarm41,United States,EMU,Yes
125,nz1vv9ze,126,http://www.speedrun.com/sm64/run/nz1vv9ze,,2938,2938,pj0e6nm8,Issey,Brazil,VC,No
126,y4k1rw2m,126,http://www.speedrun.com/sm64/run/y4k1rw2m,2023-09-26T03:47:59Z,2938,2938,8e6k1loj,Phoenix,Australia,VC,Yes
127,yvl6n36z,126,http://www.speedrun.com/sm64/run/yvl6n36z,2024-03-11T04:44:56Z,2938,2938,zxzl7508,Seba54,Chile,EMU,Yes
128,y224027y,126,http://www.speedrun.com/sm64/run/y224027y,2024-06-20T04:26:37Z,2938,2938,1xy5vzy8,m0m0,,N64,Yes
129,zx06x7ez,126,http://www.speedrun.com/sm64/run/zx06x7ez,2025-06-02T11:34:42Z,2938,2938,qj2rklpx,cjrokokomero,Italy,N64,Yes
130,m7lx180y,131,http://www.speedrun.com/sm64/run/m7lx180y,2025-06-29T13:27:46Z,2939,2939,8r7m4ldj,beeve,United States,N64,Yes
131,zx56x7em,132,http://www.speedrun.com/sm64/run/zx56x7em,2025-11-05T06:24:05Z,2940,2940,pj0zm38w,Geenix,United States,N64,Yes
132,pzgw80jy,133,http://www.speedrun.com/sm64/run/pzgw80jy,2015-06-05T01:08:04Z,2941,2941,qjo2pq38,Haliinen,Sweden,N64,Yes
133,y4r5w42z,133,http://www.speedrun.com/sm64/run/y4r5w42z,2021-04-14T09:43:13Z,2941,2941,68w040qj,Creator_Destroyer,United States,N64,Yes
134,mek2603m,135,http://www.speedrun.com/sm64/run/mek2603m,2018-02-21T12:45:24Z,2943,2943,,,,N64,Yes
135,y4nj202m,135,http://www.speedrun.com/sm64/run/y4nj202m,2025-08-05T10:37:37Z,2943,2943,48g0d97x,laty_,United States,N64,Yes
136,mkvgp05y,137,http://www.speedrun.com/sm64/run/mkvgp05y,2023-01-15T18:30:18Z,2946,2946,98r475gj,Blakeo2,England,N64,Yes
137,6yj592dm,138,http://www.speedrun.com/sm64/run/6yj592dm,2015-12-18T23:38:02Z,2947,2947,18ql07jn,luke994,England,N64,Yes
138,z5vwxejm,139,http://www.speedrun.com/sm64/run/z5vwxejm,2022-03-01T23:20:58Z,2948,2948,zxzzzrxq,Moose,United States,N64,Yes
139,ywrj3enm,139,http://www.speedrun.com/sm64/run/ywrj3enm,2023-06-21T22:14:03Z,2948,2948,8w139m3x,oatslice,Australia,N64,Yes
140,zpr37v8m,141,http://www.speedrun.com/sm64/run/zpr37v8m,2020-05-15T22:09:13Z,2949,2949,dx3q74qj,chubby,Norway,N64,Yes
141,ywp28p2z,142,http://www.speedrun.com/sm64/run/ywp28p2z,2019-02-19T04:44:02Z,2950,2950,dx31lw78,RockChalk19,United States,N64,Yes
142,ywpv949z,143,http://www.speedrun.com/sm64/run/ywpv949z,2018-12-04T16:42:21Z,2951,2951,qjop4q3x,groovy31,Finland,N64,Yes
143,y8249gdy,144,http://www.speedrun.com/sm64/run/y8249gdy,2020-08-17T09:36:05Z,2952,2952,qjo9ypnj,OkamiBW,United States,VC,Yes
144,zqerglrz,144,http://www.speedrun.com/sm64/run/zqerglrz,2022-12-19T16:12:04Z,2952,2952,8vkrw22j,Tag609,United States,N64,Yes
145,zqegjkrz,144,http://www.speedrun.com/sm64/run/zqegjkrz,2023-01-08T17:09:45Z,2952,2952,jnz2ykqj,ShaDowSPoweR,France,EMU,Yes
146,m70wn89y,147,http://www.speedrun.com/sm64/run/m70wn89y,2023-06-23T02:59:25Z,2953,2953,7j4q7emx,eleesuh,Germany,N64,Yes
147,yljk10rm,147,http://www.speedrun.com/sm64/run/yljk10rm,2025-05-18T09:35:50Z,2953,2953,8ek64w68,mAf1sss,Israel,EMU,Yes
148,z5dg4knm,149,http://www.speedrun.com/sm64/run/z5dg4knm,2021-10-19T08:15:46Z,2954,2954,qjnz771j,jane_dair,United States,N64,Yes
149,mrnwqr2y,150,http://www.speedrun.com/sm64/run/mrnwqr2y,2021-11-07T03:52:16Z,2955,2955,8r7w9lgj,ClementLeBro,France,N64,Yes
150,zgqk3kny,150,http://www.speedrun.com/sm64/run/zgqk3kny,2022-08-08T07:14:50Z,2955,2955,8l0o5q78,HeroSuperman1,United States,N64,Yes
151,yw66p6nm,150,http://www.speedrun.com/sm64/run/yw66p6nm,2022-09-09T16:14:15Z,2955,2955,1xy05zjr,turara32767,Japan,N64,Yes
152,yj200k7m,150,http://www.speedrun.com/sm64/run/yj200k7m,2023-08-30T17:27:02Z,2955,2955,8lpl934j,PegiTheLoca,Germany,EMU,Yes
153,zx0wweez,150,http://www.speedrun.com/sm64/run/zx0wweez,2025-07-21T07:33:27Z,2955,2955,8rpwpnqj,inferno676,United States,N64,Yes
154,mel1nk0z,155,http://www.speedrun.com/sm64/run/mel1nk0z,2023-07-03T19:26:44Z,2956,2956,pj0zz298,BeastAssassin67,United States,N64,Yes
155,zx4pg68y,156,http://www.speedrun.com/sm64/run/zx4pg68y,2019-03-21T23:54:43Z,2958,2958,zxz97kn8,Drogie,Switzerland,N64,Yes
156,mkerq5xm,156,http://www.speedrun.com/sm64/run/mkerq5xm,2022-03-07T23:22:41Z,2958,2958,x35r767j,Schnoz64,United States,N64,Yes
157,z08p2g8m,156,http://www.speedrun.com/sm64/run/z08p2g8m,2025-02-01T14:49:44Z,2958,2958,8lr0m1v8,Avatar,United States,N64,Yes
158,z1q7vk7y,159,http://www.speedrun.com/sm64/run/z1q7vk7y,2023-03-26T13:06:37Z,2959,2959,j2wlm4pj,Johnny3Oak,United States,N64,Yes
159,z0jqvj8y,159,http://www.speedrun.com/sm64/run/z0jqvj8y,2023-07-29T06:53:07Z,2959,2959,xko59n68,FleetingAzure,United States,N64,Yes
160,y9ewwkvz,159,http://www.speedrun.com/sm64/run/y9ewwkvz,2025-08-20T09:23:10Z,2959,2959,zxz67wn8,AJLane,United States,N64,Yes
161,ydo5x2jz,159,http://www.speedrun.com/sm64/run/ydo5x2jz,2025-10-24T11:54:28Z,2959,2959,86nqn6wx,Susano130,Japan,N64,Yes
162,7yle1d2z,163,http://www.speedrun.com/sm64/run/7yle1d2z,2016-01-19T05:54:46Z,2960,2960,18vpmn8l,ZDeztroyerz,,N64,Yes
163,9yo4n7jm,164,http://www.speedrun.com/sm64/run/9yo4n7jm,2015-01-01T17:41:54Z,2962,2962,pj02nmw8,nero_x2,Japan,N64,Yes
164,mr70g5gz,164,http://www.speedrun.com/sm64/run/mr70g5gz,2022-07-04T23:18:41Z,2962,2962,jmpp51ej,amsixx,Spain,EMU,Yes
165,yv746pey,164,http://www.speedrun.com/sm64/run/yv746pey,2025-04-20T02:42:37Z,2962,2962,x7mo69vx,rig_,Canada,N64,Yes
166,wzp321xm,167,http://www.speedrun.com/sm64/run/wzp321xm,2015-08-23T15:19:59Z,2964,2964,98rp3q6j,joeys64,Netherlands,VC,Yes
167,y8kj5jdy,167,http://www.speedrun.com/sm64/run/y8kj5jdy,2023-11-13T19:29:03Z,2964,2964,1xyw6wn8,markinator99,United States,N64,No
168,mr8dk38y,169,http://www.speedrun.com/sm64/run/mr8dk38y,2019-02-19T20:36:04Z,2965,2965,48gyr78p,theorylocked,Palestine,EMU,No
169,yjdqwr7y,169,http://www.speedrun.com/sm64/run/yjdqwr7y,2022-10-22T07:03:59Z,2965,2965,48gkmp2j,mercredi,Canada,N64,Yes
170,ywrjxe3m,169,http://www.speedrun.com/sm64/run/ywrjxe3m,2023-06-23T07:38:29Z,2965,2965,5j5097nx,ErikaSunrose,Sweden,EMU,Yes
171,y9wj25vz,172,http://www.speedrun.com/sm64/run/y9wj25vz,2025-12-30T15:08:50Z,2966,2966,xz2z23ex,King_bay,Japan,N64,Yes
172,y47ljl3y,173,http://www.speedrun.com/sm64/run/y47ljl3y,2021-10-18T07:07:55Z,2967,2967,kjpmy0jq,ThatDrunkenDwarf,England,N64,Yes
173,mkrn781z,173,http://www.speedrun.com/sm64/run/mkrn781z,2026-02-02T04:37:24Z,2967,2967,8ek14278,Zinsch,Denmark,EMU,Yes
174,pm32ro6y,175,http://www.speedrun.com/sm64/run/pm32ro6y,2016-12-18T05:55:47Z,2968,2968,68wegq8g,Custom,Canada,N64,Yes
175,y2rd4g9m,176,http://www.speedrun.com/sm64/run/y2rd4g9m,2025-10-31T06:00:21Z,2969,2969,8q316z7j,dista,United States,N64,Yes
176,zx7ldxky,177,http://www.speedrun.com/sm64/run/zx7ldxky,2022-05-24T03:58:49Z,2970,2970,qjok7l78,TwitchName,United States,N64,Yes
177,y2k6xkjy,178,http://www.speedrun.com/sm64/run/y2k6xkjy,2024-01-22T06:35:16Z,2971,2971,xk3og178,Instinct64,United States,EMU,Yes
178,zn221l9z,178,http://www.speedrun.com/sm64/run/zn221l9z,2024-05-14T14:33:42Z,2971,2971,jo3r970j,Elva,Japan,N64,Yes
179,ylj4orxm,178,http://www.speedrun.com/sm64/run/ylj4orxm,2025-05-03T09:41:46Z,2971,2971,8v57kgvj,GrievousD2,Canada,N64,Yes
180,y4j72rky,181,http://www.speedrun.com/sm64/run/y4j72rky,2025-01-17T22:24:40Z,2972,2972,x3p4pyk8,NathanCarter,United States,VC,Yes
181,zx44n7qy,182,http://www.speedrun.com/sm64/run/zx44n7qy,2018-07-01T12:23:37Z,2973,2973,0jml0zy8,akki,Japan,N64,No
182,m31ojdgz,182,http://www.speedrun.com/sm64/run/m31ojdgz,2019-06-20T07:01:03Z,2973,2973,qxkg359j,SonicFerrari,United States,VC,Yes
183,m774pl4m,182,http://www.speedrun.com/sm64/run/m774pl4m,2021-11-13T05:42:05Z,2973,2973,8rpv21dj,ZeusSM64,New Zealand,EMU,Yes
184,y918n1em,185,http://www.speedrun.com/sm64/run/y918n1em,2020-11-26T02:43:03Z,2974,2974,1xy5r7w8,ClintStevens,United States,N64,Yes
185,y8rr76nm,185,http://www.speedrun.com/sm64/run/y8rr76nm,2020-10-17T22:58:48Z,2974,2974,pj0ke0m8,SeanRaider,Canada,N64,Yes
186,zgqv19ny,185,http://www.speedrun.com/sm64/run/zgqv19ny,2022-08-19T06:15:36Z,2974,2974,qjo1ovnx,FireGoesFast,Australia,VC,Yes
187,m70173wy,185,http://www.speedrun.com/sm64/run/m70173wy,2023-04-25T15:13:55Z,2974,2974,e8evzg7x,gamiru,Japan,N64,Yes
188,me2gvgqm,189,http://www.speedrun.com/sm64/run/me2gvgqm,2025-07-28T21:03:09Z,2975,2975,j0vkm73x,druz,United States,EMU,Yes
189,8m7djx0m,190,http://www.speedrun.com/sm64/run/8m7djx0m,2015-11-05T23:04:39Z,2976,2976,18qrrdjn,Waz,Northern Ireland,N64,No
190,y8jvjx5z,190,http://www.speedrun.com/sm64/run/y8jvjx5z,2022-01-02T22:50:07Z,2976,2976,xzld0398,ANYUJIN,Japan,N64,Yes
191,zg69xrdm,190,http://www.speedrun.com/sm64/run/zg69xrdm,2025-08-17T05:41:42Z,2976,2976,8g2zm0rj,meephs,,N64,Yes
192,y28rkj6y,190,http://www.speedrun.com/sm64/run/y28rkj6y,2025-08-19T02:29:22Z,2976,2976,68wg36qx,ded_lej,North Korea,N64,Yes
193,mex37lqz,194,http://www.speedrun.com/sm64/run/mex37lqz,2019-10-01T15:16:09Z,2978,2978,o86vqpqj,Tama,United States,N64,Yes
194,me940r2z,194,http://www.speedrun.com/sm64/run/me940r2z,2021-02-11T05:56:57Z,2978,2978,86nrm5qx,taylor3311,Japan,N64,Yes
195,yonw387z,194,http://www.speedrun.com/sm64/run/yonw387z,2023-08-26T21:39:23Z,2978,2978,jo3v1n0j,Sabxander,Romania,EMU,Yes
196,y9d935rm,194,http://www.speedrun.com/sm64/run/y9d935rm,2024-08-13T12:48:54Z,2978,2978,j0nv6wm8,shikibi_hiiro,Japan,N64,Yes
197,y2nglp5y,194,http://www.speedrun.com/sm64/run/y2nglp5y,2025-02-19T06:25:48Z,2978,2978,v819rrxp,Marco,France,N64,Yes
198,y213ew9z,199,http://www.speedrun.com/sm64/run/y213ew9z,2019-06-05T06:41:40Z,2979,2979,kj9vd9ox,JMill,United States,EMU,Yes
199,zp4635gz,199,http://www.speedrun.com/sm64/run/zp4635gz,2019-12-16T03:28:27Z,2979,2979,e8ezrq68,Yale,United States,N64,Yes
200,yl0dvxky,199,http://www.speedrun.com/sm64/run/yl0dvxky,2019-12-15T16:03:33Z,2979,2979,dx354dqj,Smaugy,Sweden,VC,Yes
201,zn20gl8z,199,http://www.speedrun.com/sm64/run/zn20gl8z,2024-04-05T01:49:54Z,2979,2979,x35d1dqj,mdgrav,Norway,N64,Yes
202,8y8p1x5z,203,http://www.speedrun.com/sm64/run/8y8p1x5z,2016-09-11T19:31:39Z,2980,2980,zx73kqj7,Skaredogged97,Switzerland,EMU,Yes
203,m31r0d6z,203,http://www.speedrun.com/sm64/run/m31r0d6z,2019-08-21T22:26:02Z,2980,2980,7j41p5j1,SuperViperT302,United States,N64,Yes
204,y95vnokz,203,http://www.speedrun.com/sm64/run/y95vnokz,2019-09-30T13:26:50Z,2980,2980,0jmvmzj1,protoman5,United States,N64,Yes
205,y91qqonm,203,http://www.speedrun.com/sm64/run/y91qqonm,2021-01-04T07:07:01Z,2980,2980,kjpqyw0x,Gerbiez,Canada,N64,Yes
206,y8dkjxxz,207,http://www.speedrun.com/sm64/run/y8dkjxxz,2021-06-14T14:41:09Z,2981,2981,7j4mzd5j,Thomkar,Norway,EMU,Yes
207,pm3wdgy0,208,http://www.speedrun.com/sm64/run/pm3wdgy0,,2982,2982,,,,N64,Yes
208,mr405g4z,208,http://www.speedrun.com/sm64/run/mr405g4z,2021-03-17T08:45:10Z,2982,2982,98r5d3wx,dinkyslinky,Norway,N64,Yes
209,yon9lq7z,208,http://www.speedrun.com/sm64/run/yon9lq7z,2023-06-05T02:44:53Z,2982,2982,x33wzg7x,Alooful,United States,EMU,Yes
210,yd63erwz,211,http://www.speedrun.com/sm64/run/yd63erwz,2019-06-15T23:13:34Z,2983,2983,zxzn5rex,josiee,United States,EMU,Yes
211,ylkw032z,211,http://www.speedrun.com/sm64/run/ylkw032z,2020-08-17T12:25:41Z,2983,2983,7j4drzdj,AppleJuice,United States,EMU,Yes
212,me7qdnqy,213,http://www.speedrun.com/sm64/run/me7qdnqy,2021-07-18T09:17:00Z,2984,2984,dx32ywkj,Doopssb,Mexico,VC,Yes
213,yox39edy,213,http://www.speedrun.com/sm64/run/yox39edy,2024-08-02T05:14:25Z,2984,2984,j2w1w5lj,RONC3NA,United States,N64,Yes
214,y2jd8gjz,215,http://www.speedrun.com/sm64/run/y2jd8gjz,2023-01-04T03:07:29Z,2985,2985,qj2yvm78,pete,United States,N64,Yes
215,1zq261zl,216,http://www.speedrun.com/sm64/run/1zq261zl,,2986,2986,,,,N64,Yes
216,yl6lggry,216,http://www.speedrun.com/sm64/run/yl6lggry,2023-07-19T17:07:40Z,2986,2986,j03z503j,Taki,Canada,N64,Yes
217,y8p8qe1z,216,http://www.speedrun.com/sm64/run/y8p8qe1z,2024-08-28T05:24:36Z,2986,2986,18qm95dx,PsioNick,United States,N64,Yes
218,m3wopd6y,216,http://www.speedrun.com/sm64/run/m3wopd6y,2024-12-17T03:38:40Z,2986,2986,xz27v1nx,NewmanBeatbox,United States,EMU,Yes
219,zpovg7nm,216,http://www.speedrun.com/sm64/run/zpovg7nm,2025-08-24T20:00:49Z,2986,2986,8lpgwllj,Vadien,United States,N64,Yes
220,zge17xjy,221,http://www.speedrun.com/sm64/run/zge17xjy,2023-08-14T11:18:49Z,2987,2987,81qg7ylj,ZachTunes,United States,N64,Yes
221,0y6ejx0z,222,http://www.speedrun.com/sm64/run/0y6ejx0z,2016-10-01T22:03:48Z,2988,2988,,,,N64,Yes
222,zxgr9lqy,222,http://www.speedrun.com/sm64/run/zxgr9lqy,2021-07-09T20:04:08Z,2988,2988,8gr94w1x,tomkabs,Canada,N64,Yes
223,z0l4npoz,222,http://www.speedrun.com/sm64/run/z0l4npoz,2022-11-10T22:19:50Z,2988,2988,j2www16j,treybordo,United States,N64,Yes
224,7ylp9xmp,225,http://www.speedrun.com/sm64/run/7ylp9xmp,,2989,2989,5j52e9qj,GUTOA,Japan,N64,Yes
225,zq3v611y,225,http://www.speedrun.com/sm64/run/zq3v611y,2018-09-18T10:55:37Z,2989,2989,kjpok428,timlittlefree,United States,N64,Yes
226,zpkvg5vy,225,http://www.speedrun.com/sm64/run/zpkvg5vy,2025-03-29T03:39:03Z,2989,2989,pj0vn53x,Apeduden,Norway,N64,Yes
227,ywpvr79z,228,http://www.speedrun.com/sm64/run/ywpvr79z,2018-11-29T00:54:12Z,2990,2990,98r70w3j,Heisenburger,United States,N64,Yes
228,yj3kj97z,229,http://www.speedrun.com/sm64/run/yj3kj97z,2019-05-30T08:24:36Z,2992,2992,qj25v3lj,m_vitor,Brazil,N64,Yes
229,y4en0pkm,229,http://www.speedrun.com/sm64/run/y4en0pkm,2020-12-23T11:52:53Z,2992,2992,8qzg3g08,MaxxxMurphy,United States,EMU,Yes
230,z58jj5jz,229,http://www.speedrun.com/sm64/run/z58jj5jz,2024-03-08T06:05:43Z,2992,2992,zxz1vorj,Karyno,France,N64,Yes
231,me69q62z,232,http://www.speedrun.com/sm64/run/me69q62z,2020-10-24T02:21:37Z,2993,2993,1xyky4n8,thags15,United States,N64,Yes
232,ydl891qz,232,http://www.speedrun.com/sm64/run/ydl891qz,2024-07-07T06:27:10Z,2993,2993,8w12vnqx,LowAppeal,United States,N64,Yes
233,m7lr9j0y,232,http://www.speedrun.com/sm64/run/m7lr9j0y,2025-09-11T04:20:17Z,2993,2993,jmzm5yyx,ClifforddTBRD,,EMU,Yes
234,7ylrwxry,235,http://www.speedrun.com/sm64/run/7ylrwxry,2015-12-30T06:43:47Z,2995,2995,qxkovg98,gohanie,Japan,N64,Yes
235,6yjv80dy,235,http://www.speedrun.com/sm64/run/6yjv80dy,2017-02-10T11:07:30Z,2995,2995,,,,N64,Yes
236,m7q78gez,235,http://www.speedrun.com/sm64/run/m7q78gez,2019-08-30T05:23:19Z,2995,2995,qj21mo8k,CartoonBuffoon,,N64,Yes
237,y2pxr2wz,235,http://www.speedrun.com/sm64/run/y2pxr2wz,2022-05-17T08:44:08Z,2995,2995,8g5y277j,ReallyBadDK,United States,N64,Yes
238,mrxvv67m,235,http://www.speedrun.com/sm64/run/mrxvv67m,2024-10-01T05:06:30Z,2995,2995,863low58,oogapooki,United States,N64,Yes
239,meno090m,235,http://www.speedrun.com/sm64/run/meno090m,2024-12-27T23:42:04Z,2995,2995,jp6ed5k8,TNewm2215,United States,EMU,Yes
240,ylpwxxnm,235,http://www.speedrun.com/sm64/run/ylpwxxnm,2025-04-05T06:44:17Z,2995,2995,xzy06e4j,jigy5000,Canada,EMU,Yes
241,zg606dnm,235,http://www.speedrun.com/sm64/run/zg606dnm,2025-09-01T05:53:17Z,2995,2995,8eewvpp8,sazan,Japan,VC,Yes
242,zq2p3x5z,243,http://www.speedrun.com/sm64/run/zq2p3x5z,2025-03-15T03:05:30Z,2996,2996,j9v2rgox,EcCuardo,Peru,EMU,Yes
243,mej326qy,244,http://www.speedrun.com/sm64/run/mej326qy,2022-01-22T14:16:25Z,2997,2997,o86m9k0j,xerint,Canada,N64,Yes
244,y9j52gem,244,http://www.speedrun.com/sm64/run/y9j52gem,2024-03-01T18:07:14Z,2997,2997,j20qnrlx,MrFroggy,United States,EMU,Yes
245,ydvd6oxy,244,http://www.speedrun.com/sm64/run/ydvd6oxy,2025-01-28T07:09:09Z,2997,2997,86v9945j,Tit0MEX_64,Mexico,EMU,Yes
246,y8gn6vnz,244,http://www.speedrun.com/sm64/run/y8gn6vnz,2025-08-18T20:44:33Z,2997,2997,x3w377ej,AbUnderscored,Jordan,EMU,Yes
247,ydrpx2vz,248,http://www.speedrun.com/sm64/run/ydrpx2vz,2021-07-09T07:31:01Z,2998,2998,8qz5n7q8,Gravydos,United States,N64,Yes
248,m3j53rgz,248,http://www.speedrun.com/sm64/run/m3j53rgz,2024-07-28T21:52:36Z,2998,2998,pj0eny48,scoagogo,Northern Ireland,EMU,Yes
249,y2nwlq9y,248,http://www.speedrun.com/sm64/run/y2nwlq9y,2025-03-08T01:01:21Z,2998,2998,816nqwqx,Zaikenator,United States,N64,Yes
250,meo7veqz,251,http://www.speedrun.com/sm64/run/meo7veqz,2020-05-16T02:35:50Z,2999,2999,98r2y03x,SoloQ,United States,EMU,Yes
251,ywkx93py,251,http://www.speedrun.com/sm64/run/ywkx93py,2021-10-19T15:12:41Z,2999,2999,86vwom0j,WaterproofTeabag_,Australia,N64,Yes
252,mke2povm,251,http://www.speedrun.com/sm64/run/mke2povm,2021-12-20T23:09:35Z,2999,2999,qxkmn26j,popesquidward,United States,N64,Yes
253,zx8ejxkm,251,http://www.speedrun.com/sm64/run/zx8ejxkm,2022-11-24T22:50:58Z,2999,2999,xk4g0m9j,Dezod,United States,N64,Yes
254,y6edx1pz,251,http://www.speedrun.com/sm64/run/y6edx1pz,2024-08-14T06:53:07Z,2999,2999,98ryllqj,Fizz,United States,N64,Yes
255,m3wre5wy,251,http://www.speedrun.com/sm64/run/m3wre5wy,2025-01-15T20:30:20Z,2999,2999,8dpk11l8,TheBest2272,Spain,EMU,Yes
256,y2vd1w7z,257,http://www.speedrun.com/sm64/run/y2vd1w7z,2021-01-30T07:53:42Z,3000,3000,jmokn1o8,dongerduck,,N64,Yes
257,yo0g40jy,257,http://www.speedrun.com/sm64/run/yo0g40jy,2024-06-18T04:51:18Z,3000,3000,8dw231lj,Snepy,Chile,N64,Yes
258,z56nd1ey,257,http://www.speedrun.com/sm64/run/z56nd1ey,2026-01-28T12:18:12Z,3000,3000,joz5vm38,Sakoi,Japan,N64,Yes
259,y8nrxlny,260,http://www.speedrun.com/sm64/run/y8nrxlny,2025-10-28T11:25:03Z,3001,3001,8voq1v2x,Autonachick,Japan,N64,Yes
260,yol4111y,261,http://www.speedrun.com/sm64/run/yol4111y,2022-12-09T22:24:13Z,3002,3002,zx7gw1rx,Invisible_hole,United States,N64,Yes
261,zxv7lqgy,262,http://www.speedrun.com/sm64/run/zxv7lqgy,2017-10-22T00:56:37Z,3004,3004,y8dw9zgj,Alkobakknarko,Norway,N64,Yes
262,yw82q4ny,263,http://www.speedrun.com/sm64/run/yw82q4ny,2020-07-30T04:03:49Z,3005,3005,v81q6w3j,bebopbandit,United States,N64,Yes
263,z5wq5gez,263,http://www.speedrun.com/sm64/run/z5wq5gez,2025-09-03T00:20:29Z,3005,3005,8rperewj,nahobox,Scotland,EMU,Yes
264,zgond7dm,265,http://www.speedrun.com/sm64/run/zgond7dm,2024-07-13T09:31:12Z,3006,3006,8r7nmpqj,Leproxy,United States,N64,Yes
265,mepw21qy,266,http://www.speedrun.com/sm64/run/mepw21qy,2026-01-03T08:56:40Z,3007,3007,j92p9yr8,jacobo,United States,EMU,Yes
266,ylr0253y,267,http://www.speedrun.com/sm64/run/ylr0253y,2021-08-12T00:00:17Z,3008,3008,qjnel1dj,Zoro64,Germany,N64,Yes
267,yopn6j7m,267,http://www.speedrun.com/sm64/run/yopn6j7m,2022-06-13T22:30:41Z,3008,3008,zx7zw1r8,egaSyeliR,United States,N64,Yes
268,zpd0wgnz,267,http://www.speedrun.com/sm64/run/zpd0wgnz,2022-08-07T04:03:31Z,3008,3008,xz7q51nj,Bentengaming,United States,EMU,Yes
269,mr5k3o2y,270,http://www.speedrun.com/sm64/run/mr5k3o2y,2025-10-24T22:35:08Z,3009,3009,86vwk03j,Super_Dejan,Montenegro,N64,Yes
270,yww01kpy,271,http://www.speedrun.com/sm64/run/yww01kpy,2025-01-04T22:14:32Z,3010,3010,18q652oj,Poke,United States,N64,Yes
271,z0d6ov9y,272,http://www.speedrun.com/sm64/run/z0d6ov9y,2024-03-21T20:38:01Z,3011,3011,8vo90m5x,Nicolascs83,Spain,N64,Yes
272,mrvp322z,272,http://www.speedrun.com/sm64/run/mrvp322z,2024-06-23T20:54:50Z,3011,3011,qxk6o7m8,Jojo,Netherlands,EMU,Yes
273,yjqd8q3m,272,http://www.speedrun.com/sm64/run/yjqd8q3m,2025-07-02T20:38:23Z,3011,3011,48g7gd18,jepega,Netherlands,N64,Yes
274,zg89j1jy,275,http://www.speedrun.com/sm64/run/zg89j1jy,2024-01-19T03:31:25Z,3013,3013,8qrrp27j,TedFeds,United States,EMU,Yes
275,mkpxv51y,275,http://www.speedrun.com/sm64/run/mkpxv51y,2024-06-15T01:33:09Z,3013,3013,j5q7wvwj,machochin,Mexico,N64,Yes
276,yv77rq4y,277,http://www.speedrun.com/sm64/run/yv77rq4y,2025-08-12T10:50:46Z,3017,3017,pj0rd9mj,Gemini_,Australia,N64,Yes
277,0zn98vyn,278,http://www.speedrun.com/sm64/run/0zn98vyn,,3019,3019,,,,N64,No
278,zneov3vz,278,http://www.speedrun.com/sm64/run/zneov3vz,2023-10-18T02:47:39Z,3019,3019,qxk241kx,Heyzeus,United States,N64,Yes
279,y6v55w6m,278,http://www.speedrun.com/sm64/run/y6v55w6m,2024-03-08T13:57:12Z,3019,3019,j519wqn8,Rodillo,Spain,VC,Yes
280,2yww1ny4,281,http://www.speedrun.com/sm64/run/2yww1ny4,,3020,3020,18vmme8l,pobo,United States,N64,Yes
281,mkwlr93m,281,http://www.speedrun.com/sm64/run/mkwlr93m,2025-04-23T20:03:19Z,3020,3020,xyl4ynzj,imchach,United States,EMU,Yes
282,z009l7oz,283,http://www.speedrun.com/sm64/run/z009l7oz,2025-05-25T03:38:05Z,3022,3022,zx725zr8,otakung8,United States,N64,Yes
283,zn1jk7vm,284,http://www.speedrun.com/sm64/run/zn1jk7vm,2021-06-03T21:04:26Z,3023,3023,kj90nrj4,Kyrette,United States,VC,No
284,yjd6wq3y,284,http://www.speedrun.com/sm64/run/yjd6wq3y,2022-08-18T09:26:29Z,3023,3023,zx762vj7,Luco,United States,VC,Yes
285,z0363k4z,286,http://www.speedrun.com/sm64/run/z0363k4z,2018-08-21T02:46:01Z,3024,3024,kjpmpe4j,Copitz,United States,N64,Yes
286,yvo70j6z,286,http://www.speedrun.com/sm64/run/yvo70j6z,2021-10-28T21:31:31Z,3024,3024,dx307r6x,NicV,United States,N64,Yes
287,z0loe34z,288,http://www.speedrun.com/sm64/run/z0loe34z,2022-08-31T17:59:59Z,3025,3025,18vkpmej,Menstilo,Germany,EMU,Yes
288,yolkppjy,288,http://www.speedrun.com/sm64/run/yolkppjy,2022-12-27T17:55:11Z,3025,3025,x35m076j,Squeex,United States,N64,Yes
289,0y6j70m7,290,http://www.speedrun.com/sm64/run/0y6j70m7,2023-08-30T16:08:02Z,3026,3026,qjooplj6,5upamayne,Lebanon,EMU,No
290,ylk8jgkz,290,http://www.speedrun.com/sm64/run/ylk8jgkz,2020-08-27T17:52:59Z,3026,3026,kj9z6w84,Fuzzyness,England,N64,Yes
291,y9jx7vem,292,http://www.speedrun.com/sm64/run/y9jx7vem,2024-04-19T16:24:51Z,3027,3027,8e6qyddj,Salemba,Austria,N64,Yes
292,meeed08m,293,http://www.speedrun.com/sm64/run/meeed08m,2023-02-14T12:46:22Z,3028,3028,x72km4y8,julien_,United States,N64,Yes
293,z52grr5z,294,http://www.speedrun.com/sm64/run/z52grr5z,2022-06-27T06:14:52Z,3029,3029,zx7gkrx7,alaris,United States,N64,Yes
294,zp935rxm,295,http://www.speedrun.com/sm64/run/zp935rxm,2022-05-11T23:59:14Z,3030,3030,48goorxp,RetroRuns,England,N64,Yes
295,m3qn4n4y,295,http://www.speedrun.com/sm64/run/m3qn4n4y,2023-06-07T10:25:21Z,3030,3030,8gee7n7j,LxqZach,Germany,N64,Yes
296,zxq5od5m,295,http://www.speedrun.com/sm64/run/zxq5od5m,2024-06-07T22:52:09Z,3030,3030,xko6o278,Seceon,Chile,N64,Yes
297,y4j2jwdy,295,http://www.speedrun.com/sm64/run/y4j2jwdy,2025-01-08T13:23:39Z,3030,3030,8dpn5mg8,tiles_,Ireland,EMU,Yes
298,zgwlowvy,299,http://www.speedrun.com/sm64/run/zgwlowvy,2020-07-13T14:05:13Z,3031,3031,dx394zkx,max25,England,N64,Yes
299,m320d0gy,299,http://www.speedrun.com/sm64/run/m320d0gy,2025-12-30T11:38:22Z,3031,3031,x7z7pey8,Everchix,Japan,N64,Yes
300,zx5x58gm,299,http://www.speedrun.com/sm64/run/zx5x58gm,2026-01-09T04:36:37Z,3031,3031,jm392d48,k8ehops,United States,N64,Yes
301,8m75pewz,302,http://www.speedrun.com/sm64/run/8m75pewz,2015-06-29T23:40:35Z,3032,3032,v8l732jm,Jolteon92,England,VC,Yes
302,mrdon84z,302,http://www.speedrun.com/sm64/run/mrdon84z,2025-07-07T14:23:05Z,3032,3032,8167zk3x,agge40,Sweden,EMU,Yes
303,y2gj4kwz,304,http://www.speedrun.com/sm64/run/y2gj4kwz,2023-07-09T17:23:32Z,3033,3033,xkm3lk7j,Nonag,Germany,EMU,Yes
304,zxj0w5ey,304,http://www.speedrun.com/sm64/run/zxj0w5ey,2025-03-17T19:49:50Z,3033,3033,8von1nex,Kirukiru,Japan,VC,Yes
305,zx058wez,304,http://www.speedrun.com/sm64/run/zx058wez,2025-08-18T10:49:36Z,3033,3033,jo30mmnj,FelizAvis,United States,N64,Yes
306,0y6r8rjy,307,http://www.speedrun.com/sm64/run/0y6r8rjy,2015-07-30T07:15:12Z,3034,3034,,,,N64,No
307,z1q6r9jy,307,http://www.speedrun.com/sm64/run/z1q6r9jy,2023-03-18T10:28:30Z,3034,3034,xk4rdzkj,Noteka,United States,N64,Yes
308,y4nw2okm,307,http://www.speedrun.com/sm64/run/y4nw2okm,2025-05-17T07:41:04Z,3034,3034,j51r39z8,P_Luizon,Mexico,N64,Yes
309,mr5ddwdy,307,http://www.speedrun.com/sm64/run/mr5ddwdy,2026-01-20T00:25:53Z,3034,3034,jn9qe22x,Famin,United States,EMU,Yes
310,6yjekomd,311,http://www.speedrun.com/sm64/run/6yjekomd,,3037,3037,,,,N64,Yes
311,y8e5le1y,311,http://www.speedrun.com/sm64/run/y8e5le1y,2021-11-28T18:04:31Z,3037,3037,j26d1ynx,nidamario,Japan,N64,Yes
312,yv7g998y,311,http://www.speedrun.com/sm64/run/yv7g998y,2025-04-26T13:54:48Z,3037,3037,joo3093j,ChiaraSM64,France,EMU,Yes
313,zx545pkm,311,http://www.speedrun.com/sm64/run/zx545pkm,2025-10-10T02:00:09Z,3037,3037,jn29w2dj,PerMitzi,United States,N64,Yes
314,z03d6p8z,315,http://www.speedrun.com/sm64/run/z03d6p8z,2019-01-11T11:25:42Z,3038,3038,1xy06qnj,Squirr3I,United States,EMU,Yes
315,mr0j4d7m,315,http://www.speedrun.com/sm64/run/mr0j4d7m,2024-11-28T15:10:30Z,3038,3038,j4q7oqwx,Freelatas,Spain,EMU,Yes
316,m3n52ody,317,http://www.speedrun.com/sm64/run/m3n52ody,2021-01-28T23:51:52Z,3039,3039,pj06y3jw,Butterlord,Canada,N64,Yes
317,zxl8505z,317,http://www.speedrun.com/sm64/run/zxl8505z,2022-01-26T15:07:59Z,3039,3039,18qowewj,Majoog,South Korea,EMU,Yes
318,z191lpwm,317,http://www.speedrun.com/sm64/run/z191lpwm,2024-02-26T21:16:06Z,3039,3039,8g5772rj,Semaa,Bosnia and Herzegovina,EMU,Yes
319,yd4691qy,317,http://www.speedrun.com/sm64/run/yd4691qy,2025-05-10T05:56:11Z,3039,3039,8dw9onoj,JoeyBagODonuts,United States,EMU,Yes
320,y4ndjn3m,317,http://www.speedrun.com/sm64/run/y4ndjn3m,2025-09-08T01:17:30Z,3039,3039,86nk3mpx,YogoC,United States,N64,Yes
321,ywj4203z,322,http://www.speedrun.com/sm64/run/ywj4203z,2021-12-21T05:51:36Z,3040,3040,v8lw044x,Gregobyte,Scotland,N64,Yes
322,yll0nd3y,322,http://www.speedrun.com/sm64/run/yll0nd3y,2023-09-27T21:31:45Z,3040,3040,y8d4po86,Toufool,United States,VC,Yes
323,mk00opvz,322,http://www.speedrun.com/sm64/run/mk00opvz,2023-07-13T18:25:09Z,3040,3040,1xyprdvx,packerzilla,United States,N64,Yes
324,yjg9713y,325,http://www.speedrun.com/sm64/run/yjg9713y,2021-06-22T00:34:08Z,3041,3041,0jmvr1yj,Lusion,United States,EMU,Yes
325,y8kgkgxy,325,http://www.speedrun.com/sm64/run/y8kgkgxy,2024-01-12T07:36:55Z,3041,3041,pj0edem8,franchewbacca,United States,N64,Yes
326,yj770ony,325,http://www.speedrun.com/sm64/run/yj770ony,2026-01-26T10:16:17Z,3041,3041,8vrlwknx,Baladron11,Chile,EMU,Yes
327,zq3po21y,328,http://www.speedrun.com/sm64/run/zq3po21y,2019-03-01T12:45:27Z,3044,3044,qj2pngn8,Beuca,United States,N64,Yes
328,zq4v3j9m,328,http://www.speedrun.com/sm64/run/zq4v3j9m,2020-10-31T04:16:37Z,3044,3044,zx7d74vx,Tabbyztorm,Pakistan,EMU,Yes
329,z16k757m,328,http://www.speedrun.com/sm64/run/z16k757m,2025-07-22T06:01:36Z,3044,3044,xyy9z5vx,LuminanceLumi,Antarctica,EMU,Yes
330,yw2g9d3y,328,http://www.speedrun.com/sm64/run/yw2g9d3y,2025-07-28T06:57:24Z,3044,3044,j0n55mr8,praxis,,EMU,Yes
331,megkde3y,332,http://www.speedrun.com/sm64/run/megkde3y,2024-07-15T21:00:23Z,3045,3045,xyovelwj,LiamPlayZelda,United States,VC,Yes
332,yd44g7xy,333,http://www.speedrun.com/sm64/run/yd44g7xy,2025-08-13T00:08:30Z,3046,3046,jo3w720j,JumboJolt,Antarctica,EMU,Yes
333,y8p2l3nz,334,http://www.speedrun.com/sm64/run/y8p2l3nz,2024-07-30T21:51:01Z,3048,3048,8r36epq8,Wolfovis,Germany,N64,Yes
334,y2weve9y,334,http://www.speedrun.com/sm64/run/y2weve9y,2024-09-03T17:06:29Z,3048,3048,8qrwg4dj,nicov2k,United States,EMU,Yes
335,y28rql6y,334,http://www.speedrun.com/sm64/run/y28rql6y,2025-08-16T10:09:39Z,3048,3048,zx7yqrx7,Voodle,United States,N64,Yes
336,yw2592py,334,http://www.speedrun.com/sm64/run/yw2592py,2025-08-21T04:40:03Z,3048,3048,xylw0wmj,Linkarf,Québec,N64,Yes
337,zx6dpokz,338,http://www.speedrun.com/sm64/run/zx6dpokz,2021-02-01T01:09:00Z,3049,3049,8qzmp678,Jaybomb,United States,N64,Yes
338,ywv39knz,338,http://www.speedrun.com/sm64/run/ywv39knz,2023-02-03T12:46:00Z,3049,3049,8l3rw0v8,GHDEVIL666,Netherlands,EMU,Yes
339,zqjd8k1m,338,http://www.speedrun.com/sm64/run/zqjd8k1m,2023-07-18T01:31:24Z,3049,3049,8vkn1mnj,madware,Chile,N64,Yes
340,zpo4lk8m,341,http://www.speedrun.com/sm64/run/zpo4lk8m,2025-05-10T00:32:50Z,3050,3050,864vnd5j,Louis64,Germany,N64,Yes
341,9melnr8z,342,http://www.speedrun.com/sm64/run/9melnr8z,2016-06-26T04:02:03Z,3051,3051,,,,EMU,Yes
342,mkqn5x5m,342,http://www.speedrun.com/sm64/run/mkqn5x5m,2024-01-28T01:14:50Z,3051,3051,jn3gwmqx,Roseatia,United Kingdom,EMU,Yes
343,y62dx21z,344,http://www.speedrun.com/sm64/run/y62dx21z,2023-06-10T23:10:44Z,3052,3052,zx73n50j,JDee,Canada,N64,Yes
344,y6xel66y,345,http://www.speedrun.com/sm64/run/y6xel66y,2022-10-06T07:32:58Z,3053,3053,qxk4q47j,Redd,United States,N64,Yes
345,mro53r7m,345,http://www.speedrun.com/sm64/run/mro53r7m,2023-03-27T23:33:28Z,3053,3053,j4232gmx,VonJim,Québec,N64,Yes
346,z16vwljm,345,http://www.speedrun.com/sm64/run/z16vwljm,2025-08-09T15:35:32Z,3053,3053,x76047vj,PhoenixSixtyFour,United States,N64,Yes
347,z000j4oz,345,http://www.speedrun.com/sm64/run/z000j4oz,2025-08-13T05:48:47Z,3053,3053,8rm20ewj,FlamingFishsticks,United States,EMU,Yes
348,9mr00dmq,345,http://www.speedrun.com/sm64/run/9mr00dmq,,3053,3053,dx39wqxl,CpKaka,Sweden,VC,No
349,1zxjj5yx,350,http://www.speedrun.com/sm64/run/1zxjj5yx,2025-03-01T14:58:10Z,3054,3054,48gr9rpx,sicko,England,VC,No
350,zgn0qx0y,350,http://www.speedrun.com/sm64/run/zgn0qx0y,2018-04-09T17:32:33Z,3054,3054,kjppl92j,quiilucru,,N64,Yes
351,zxlk1p8z,350,http://www.speedrun.com/sm64/run/zxlk1p8z,2021-12-21T22:53:33Z,3054,3054,x7qw5l68,Fruitinater,United States,EMU,Yes
352,yvrxpr6z,350,http://www.speedrun.com/sm64/run/yvrxpr6z,2022-06-28T15:10:26Z,3054,3054,j0nmelr8,carrickdan,Ireland,N64,Yes
353,z1qdkr7y,354,http://www.speedrun.com/sm64/run/z1qdkr7y,2022-11-29T03:03:34Z,3055,3055,j0324nmj,MrDasho,Ecuador,EMU,Yes
354,8y8gqxz1,355,http://www.speedrun.com/sm64/run/8y8gqxz1,,3056,3056,zx7dpyx7,Holahu,England,EMU,Yes
355,pydk7gqm,355,http://www.speedrun.com/sm64/run/pydk7gqm,2017-03-28T18:04:08Z,3056,3056,v8lz34xm,Shy,Finland,N64,Yes
356,zq0e0ery,355,http://www.speedrun.com/sm64/run/zq0e0ery,2022-01-29T10:37:19Z,3056,3056,8ge2ee2j,incha4416,,N64,Yes
357,y2pdl36z,355,http://www.speedrun.com/sm64/run/y2pdl36z,2022-05-07T16:58:59Z,3056,3056,98r5nd3x,3l3tric,United States,N64,Yes
358,yj2ndo7m,355,http://www.speedrun.com/sm64/run/yj2ndo7m,2023-09-02T16:35:31Z,3056,3056,jnprowq8,con_,Sweden,N64,No
359,zxwk74em,360,http://www.speedrun.com/sm64/run/zxwk74em,2023-09-27T01:11:25Z,3057,3057,qjoolrej,nobori56,Japan,N64,Yes
360,z08glp9m,361,http://www.speedrun.com/sm64/run/z08glp9m,2025-04-10T02:26:40Z,3058,3058,8qo05moj,Birdman20,United States,N64,Yes
361,y25jnv6y,362,http://www.speedrun.com/sm64/run/y25jnv6y,2020-06-24T00:18:31Z,3059,3059,98r294wx,NawidNation,Canada,VC,Yes
362,mk0p27xz,363,http://www.speedrun.com/sm64/run/mk0p27xz,2023-07-20T09:38:23Z,3060,3060,8g54o1pj,tonaltux,United States,N64,Yes
363,y6e51g0z,363,http://www.speedrun.com/sm64/run/y6e51g0z,2024-07-31T09:37:25Z,3060,3060,863k2ww8,MeepJeep,Germany,N64,Yes
364,yoer5kdz,363,http://www.speedrun.com/sm64/run/yoer5kdz,2025-06-22T21:07:01Z,3060,3060,e8e23628,flow,Brazil,EMU,Yes
365,yd3dkd0z,366,http://www.speedrun.com/sm64/run/yd3dkd0z,2018-11-03T00:46:44Z,3061,3061,zx7qg1y8,Muimania,Germany,EMU,Yes
366,z16xvo9m,367,http://www.speedrun.com/sm64/run/z16xvo9m,2025-06-16T03:09:46Z,3062,3062,8d9pvvmx,AndyBoi1996,Norway,EMU,Yes
367,y4nn1vkm,367,http://www.speedrun.com/sm64/run/y4nn1vkm,2025-08-10T17:49:46Z,3062,3062,x7qqopy8,Kudo,France,N64,Yes
368,z562805y,367,http://www.speedrun.com/sm64/run/z562805y,2025-12-01T00:07:17Z,3062,3062,jnzd1m1j,RJ7k,United States,N64,Yes
369,8y8o9xm1,370,http://www.speedrun.com/sm64/run/8y8o9xm1,,3064,3064,y8dg7l86,Noizeeh,Sweden,N64,Yes
370,z09wn7jz,370,http://www.speedrun.com/sm64/run/z09wn7jz,2020-09-08T04:24:03Z,3064,3064,qjoddd3x,Hakasay,United States,N64,Yes
371,zq5wkr9z,370,http://www.speedrun.com/sm64/run/zq5wkr9z,2025-10-18T06:52:52Z,3064,3064,1xy9r4yj,Mapiz,Italy,EMU,Yes
372,pm3ww4y0,373,http://www.speedrun.com/sm64/run/pm3ww4y0,,3065,3065,,,,VC,Yes
373,y2npe7jy,374,http://www.speedrun.com/sm64/run/y2npe7jy,2025-01-30T03:22:26Z,3067,3067,8ee7pqp8,JimmyBob,European Union,EMU,Yes
374,zxlx9eez,375,http://www.speedrun.com/sm64/run/zxlx9eez,2022-02-17T05:02:51Z,3068,3068,48gye018,Jalapiñecone,Canada,N64,Yes
375,y4l2v7dz,375,http://www.speedrun.com/sm64/run/y4l2v7dz,2024-08-10T20:37:36Z,3068,3068,jmor1yo8,hector,,N64,Yes
376,zx8ed6gm,377,http://www.speedrun.com/sm64/run/zx8ed6gm,2022-11-21T13:50:09Z,3069,3069,o86vrqpj,Joshua_iz_drunk,Ireland,EMU,No
377,pydogeqz,378,http://www.speedrun.com/sm64/run/pydogeqz,2016-12-24T22:09:28Z,3070,3070,,,,N64,Yes
378,zgnox4ey,378,http://www.speedrun.com/sm64/run/zgnox4ey,2018-01-28T10:14:12Z,3070,3070,kj95gwo8,arwyMilo,Canada,N64,No
379,yokd4x7z,378,http://www.speedrun.com/sm64/run/yokd4x7z,2020-06-12T10:06:51Z,3070,3070,jo3n1e3j,RegiFlame,Sweden,EMU,Yes
380,yjq8lodm,378,http://www.speedrun.com/sm64/run/yjq8lodm,2025-07-06T21:17:05Z,3070,3070,j964v0rj,YonaFawn,United States,EMU,Yes
381,8m7ep9z0,382,http://www.speedrun.com/sm64/run/8m7ep9z0,2023-10-04T17:16:39Z,3071,3071,,,,N64,Yes
382,mr2oo0dy,382,http://www.speedrun.com/sm64/run/mr2oo0dy,2023-12-02T05:55:18Z,3071,3071,pj0322mj,Erthide,Québec,VC,Yes
383,z5k2e1jz,384,http://www.speedrun.com/sm64/run/z5k2e1jz,2023-11-18T03:42:54Z,3072,3072,y8dwq59j,zg53,United States,N64,Yes
384,m7339e5y,384,http://www.speedrun.com/sm64/run/m7339e5y,2023-12-14T23:06:28Z,3072,3072,v8lme4vj,Ce_Mec9,Québec,N64,Yes
385,z0qk29jm,386,http://www.speedrun.com/sm64/run/z0qk29jm,2024-10-29T09:58:58Z,3074,3074,jmomloe8,Kaug,Japan,VC,Yes
386,y6penr0m,387,http://www.speedrun.com/sm64/run/y6penr0m,2019-01-26T04:21:14Z,3075,3075,qjnp448m,Vorago,United Kingdom,EMU,Yes
387,yonx4g7z,387,http://www.speedrun.com/sm64/run/yonx4g7z,2023-07-24T21:58:28Z,3075,3075,8v55qvej,Lucinovic,Netherlands,N64,Yes
388,0znv328m,389,http://www.speedrun.com/sm64/run/0znv328m,2016-06-07T04:44:03Z,3076,3076,68w134xg,trevor107,Canada,N64,Yes
389,m31rgewz,389,http://www.speedrun.com/sm64/run/m31rgewz,2019-08-17T08:21:43Z,3076,3076,zx7vky6x,Hafus,United States,N64,Yes
390,yop854jm,389,http://www.speedrun.com/sm64/run/yop854jm,2022-07-17T04:43:31Z,3076,3076,8end5g78,SonicGordon6,United States,EMU,Yes
391,z00099ez,392,http://www.speedrun.com/sm64/run/z00099ez,2025-08-11T00:53:02Z,3077,3077,8l0q0k78,GeoGringo,United States,N64,Yes
392,0zn9rvyn,393,http://www.speedrun.com/sm64/run/0zn9rvyn,,3078,3078,,,,N64,Yes
393,oy2n57yd,393,http://www.speedrun.com/sm64/run/oy2n57yd,,3078,3078,48gem41j,igreil,United States,N64,Yes
394,zx3j3v8z,393,http://www.speedrun.com/sm64/run/zx3j3v8z,2023-08-01T02:42:22Z,3078,3078,qxkqkmmx,xandrey,Costa Rica,N64,Yes
395,yoeno10z,393,http://www.speedrun.com/sm64/run/yoeno10z,2025-07-15T16:11:29Z,3078,3078,j9pze07x,PrinterWontWork,United States,N64,Yes
396,1zxj4kyx,397,http://www.speedrun.com/sm64/run/1zxj4kyx,,3080,3080,,,,N64,Yes
397,9mr088mq,397,http://www.speedrun.com/sm64/run/9mr088mq,,3080,3080,qj26pqnx,NyZ,Japan,N64,No
398,mel94w3z,397,http://www.speedrun.com/sm64/run/mel94w3z,2023-06-04T03:24:39Z,3080,3080,jn37ppdx,cookincat,United States,EMU,Yes
399,kz5l1jyr,400,http://www.speedrun.com/sm64/run/kz5l1jyr,,3081,3081,v8lkw5lx,zalgo,Japan,N64,No
400,yv1ldp4y,400,http://www.speedrun.com/sm64/run/yv1ldp4y,2021-06-18T07:26:13Z,3081,3081,814p7wl8,Boxset,Canada,EMU,Yes
401,zpdn7wxz,402,http://www.speedrun.com/sm64/run/zpdn7wxz,2022-08-01T00:56:05Z,3082,3082,qxkovr28,zach,United States,N64,Yes
402,y28606jy,402,http://www.speedrun.com/sm64/run/y28606jy,2025-08-24T01:41:39Z,3082,3082,y8devyoj,Serenmew,United States,N64,Yes
403,ylo279ny,404,http://www.speedrun.com/sm64/run/ylo279ny,2021-03-26T22:31:57Z,3083,3083,98rv2rdj,Perna64,United States,N64,Yes
404,pm3wogy0,405,http://www.speedrun.com/sm64/run/pm3wogy0,,3084,3084,,,,N64,Yes
405,dy4j32yl,405,http://www.speedrun.com/sm64/run/dy4j32yl,,3084,3084,v8lez14x,TheDarkmanWs,Sweden,N64,Yes
406,mr79684z,405,http://www.speedrun.com/sm64/run/mr79684z,2022-05-03T22:18:09Z,3084,3084,xz79p1nj,tanepota,Japan,N64,Yes
407,znjj6x8m,405,http://www.speedrun.com/sm64/run/znjj6x8m,2023-02-14T13:31:20Z,3084,3084,jp4eq2kj,Borazio,Australia,N64,Yes
408,mr830qgy,409,http://www.speedrun.com/sm64/run/mr830qgy,2019-05-10T21:57:37Z,3085,3085,y8d4dk58,SomeBro,United States,EMU,Yes
409,z5jxw9jm,409,http://www.speedrun.com/sm64/run/z5jxw9jm,2020-06-17T05:24:07Z,3085,3085,zx7z5gq8,Rigby,Canada,N64,Yes
410,yl901lny,411,http://www.speedrun.com/sm64/run/yl901lny,2017-06-10T09:36:11Z,3086,3086,0jmp25oj,skuzzi,,N64,No
411,mekow20m,411,http://www.speedrun.com/sm64/run/mekow20m,2017-07-02T11:23:43Z,3086,3086,e8e6k12j,kumasyatyou,Japan,N64,Yes
412,zn753g8m,413,http://www.speedrun.com/sm64/run/zn753g8m,2022-03-06T03:19:03Z,3087,3087,86vmlw5j,Clanner_,Canada,VC,Yes
413,0znj977m,414,http://www.speedrun.com/sm64/run/0znj977m,2016-05-18T01:07:22Z,3088,3088,qjoyg3x6,Lluuccuuss,England,N64,Yes
414,zg7oxv0z,414,http://www.speedrun.com/sm64/run/zg7oxv0z,2019-01-24T05:32:01Z,3088,3088,kj9pq2ox,bromario28,United States,N64,Yes
415,zg8028jy,414,http://www.speedrun.com/sm64/run/zg8028jy,2024-01-28T19:54:36Z,3088,3088,v8159vlj,collins_vg,United States,N64,Yes
416,y9wqx5nz,414,http://www.speedrun.com/sm64/run/y9wqx5nz,2026-02-03T12:23:48Z,3088,3088,j52mydgj,txsomb,United States,N64,Yes
417,m33ek2qm,418,http://www.speedrun.com/sm64/run/m33ek2qm,2022-07-27T21:46:30Z,3089,3089,86vm37pj,sevenyoshi,United States,N64,Yes
418,y89reoxm,419,http://www.speedrun.com/sm64/run/y89reoxm,2018-08-09T21:36:25Z,3090,3090,v8145l8p,Squid,England,N64,Yes
419,m7le479y,419,http://www.speedrun.com/sm64/run/m7le479y,2025-08-09T00:27:57Z,3090,3090,7j4rz5m8,TheBarinade,Australia,N64,Yes
420,z00769jz,421,http://www.speedrun.com/sm64/run/z00769jz,2025-06-13T09:40:44Z,3091,3091,j427vvmx,NaeNaeEpicSwag,United States,N64,Yes
421,7z083om5,422,http://www.speedrun.com/sm64/run/7z083om5,,3092,3092,,,,N64,Yes
422,yoldxrjy,422,http://www.speedrun.com/sm64/run/yoldxrjy,2023-02-07T09:57:24Z,3092,3092,xk3zqp98,SIN11,France,EMU,Yes
423,7z0jqg8y,424,http://www.speedrun.com/sm64/run/7z0jqg8y,2016-06-24T12:12:59Z,3093,3093,18vo42xl,SimpleFlips,United States,N64,Yes
424,m76vg4ey,424,http://www.speedrun.com/sm64/run/m76vg4ey,2022-07-10T06:28:21Z,3093,3093,v8lk144x,Phanton,Argentina,EMU,Yes
425,mrdwk4gz,424,http://www.speedrun.com/sm64/run/mrdwk4gz,2025-08-22T17:18:53Z,3093,3093,qjn5rg1j,Leupho,France,N64,Yes
426,0y6gp0m7,427,http://www.speedrun.com/sm64/run/0y6gp0m7,,3094,3094,,,,N64,Yes
427,mrr88vgm,428,http://www.speedrun.com/sm64/run/mrr88vgm,2022-08-05T14:42:17Z,3095,3095,68wq1rv8,DeviousDD,United States,N64,Yes
428,mrvq6kgz,428,http://www.speedrun.com/sm64/run/mrvq6kgz,2024-02-20T03:24:46Z,3095,3095,o86z710x,zekeSSB,United States,N64,Yes
429,y4jjpoqy,428,http://www.speedrun.com/sm64/run/y4jjpoqy,2025-03-14T01:52:12Z,3095,3095,o86eweqx,hugfal055,Sweden,N64,Yes
430,m77w2w0m,431,http://www.speedrun.com/sm64/run/m77w2w0m,2021-09-06T22:14:50Z,3096,3096,x3mr5328,SynSity,,EMU,Yes
431,y8eop5wy,431,http://www.speedrun.com/sm64/run/y8eop5wy,2021-10-24T13:48:33Z,3096,3096,zxzn5q4x,RWBYSorry,England,EMU,Yes
432,zx79k2gy,431,http://www.speedrun.com/sm64/run/zx79k2gy,2022-04-03T13:39:14Z,3096,3096,7j420lwx,Progji,Germany,N64,Yes
433,zg737vdz,434,http://www.speedrun.com/sm64/run/zg737vdz,2018-05-23T20:04:22Z,3097,3097,zxz99g48,Toadscool,France,EMU,Yes
434,z0o91x9z,434,http://www.speedrun.com/sm64/run/z0o91x9z,2021-12-27T23:48:42Z,3097,3097,8l0oq578,fireblazethem,United States,EMU,Yes
435,yje4n47m,434,http://www.speedrun.com/sm64/run/yje4n47m,2024-12-17T14:57:48Z,3097,3097,8d02v65x,phL64,Germany,N64,Yes
436,8yvnj8mo,437,http://www.speedrun.com/sm64/run/8yvnj8mo,,3098,3098,,,,N64,Yes
437,zp113enz,437,http://www.speedrun.com/sm64/run/zp113enz,2021-05-11T11:36:53Z,3098,3098,qjned9qj,tami,Japan,N64,Yes
438,yln51qrz,437,http://www.speedrun.com/sm64/run/yln51qrz,2023-03-25T00:58:27Z,3098,3098,o86owz08,D3m0nf4ng,Germany,EMU,Yes
439,yj7rx07y,437,http://www.speedrun.com/sm64/run/yj7rx07y,2026-01-28T22:08:37Z,3098,3098,j2wp4qoj,Miky_,Italy,EMU,Yes
440,0zn94vyn,441,http://www.speedrun.com/sm64/run/0zn94vyn,,3099,3099,o863r08z,Seanzy,United States,N64,Yes
441,yojr20jm,442,http://www.speedrun.com/sm64/run/yojr20jm,2019-09-12T01:09:22Z,3101,3101,qj2eenjk,Darrow25,Québec,VC,Yes
442,y8x4oe1m,442,http://www.speedrun.com/sm64/run/y8x4oe1m,2022-11-12T08:32:26Z,3101,3101,jo35yn7j,Luisito,Mexico,VC,Yes
443,mkwvd9lm,442,http://www.speedrun.com/sm64/run/mkwvd9lm,2025-07-08T07:46:20Z,3101,3101,8lovr6v8,XebasBlox,Colombia,EMU,Yes
444,8m7eq9z0,445,http://www.speedrun.com/sm64/run/8m7eq9z0,,3103,3103,xz9k6ye8,Rorotto,Japan,N64,Yes
445,y8e4851y,445,http://www.speedrun.com/sm64/run/y8e4851y,2021-11-14T21:57:32Z,3103,3103,j2y0pkl8,TobiiSR,Austria,VC,Yes
446,y60xrdpy,445,http://www.speedrun.com/sm64/run/y60xrdpy,2022-06-03T01:45:31Z,3103,3103,8vkqwknj,GroundPoundGary,United States,EMU,Yes
447,y6x3xr6y,445,http://www.speedrun.com/sm64/run/y6x3xr6y,2022-07-30T12:37:01Z,3103,3103,8qz5qoq8,BizzareScape,Mexico,N64,Yes
448,z0k87nem,445,http://www.speedrun.com/sm64/run/z0k87nem,2026-01-12T01:31:25Z,3103,3103,8v06pg5x,MILO218GX,Venezuela,EMU,Yes
449,ywkg2n0y,450,http://www.speedrun.com/sm64/run/ywkg2n0y,2021-10-12T15:56:43Z,3105,3105,zx7dz1vx,AlejoWasHere,Spain,EMU,Yes
450,zgp4xnjz,451,http://www.speedrun.com/sm64/run/zgp4xnjz,2022-07-26T20:26:56Z,3107,3107,qjopvonx,ClairDSS,United States,VC,Yes
451,zgoxl80m,451,http://www.speedrun.com/sm64/run/zgoxl80m,2024-08-09T16:46:02Z,3107,3107,8l0d1v78,inosaki,Japan,N64,Yes
452,zq5jde8z,451,http://www.speedrun.com/sm64/run/zq5jde8z,2025-12-21T15:45:48Z,3107,3107,j5vzy0n8,Lemoniau,United States,N64,Yes
453,zq39v28y,454,http://www.speedrun.com/sm64/run/zq39v28y,2018-11-09T14:13:26Z,3108,3108,7j4rnew8,Xalince,Germany,EMU,Yes
454,y8xpronm,454,http://www.speedrun.com/sm64/run/y8xpronm,2022-10-06T23:19:26Z,3108,3108,zxzeqn9x,joumeni,Spain,EMU,Yes
455,z5r13w5y,456,http://www.speedrun.com/sm64/run/z5r13w5y,2021-04-18T15:02:37Z,3109,3109,8wk5l448,killuminati,Norway,EMU,Yes
456,y6o1550y,456,http://www.speedrun.com/sm64/run/y6o1550y,2023-04-10T23:44:18Z,3109,3109,qj2ol5px,mrlink2k,United States,EMU,Yes
457,yoe5g40z,456,http://www.speedrun.com/sm64/run/yoe5g40z,2025-08-20T18:41:07Z,3109,3109,j067dn4j,mamamiamoto,United States,N64,Yes
458,pzgj7jz2,459,http://www.speedrun.com/sm64/run/pzgj7jz2,,3110,3110,,,,N64,Yes
459,m75xlq5z,459,http://www.speedrun.com/sm64/run/m75xlq5z,2020-11-19T10:26:48Z,3110,3110,5j594e6x,peta,Japan,N64,Yes
460,z5o5ov5y,461,http://www.speedrun.com/sm64/run/z5o5ov5y,2017-03-31T08:25:48Z,3111,3111,y8dwdegj,hellool,United States,N64,Yes
461,y8e099dy,461,http://www.speedrun.com/sm64/run/y8e099dy,2021-09-21T10:45:05Z,3111,3111,qjn3551x,chillindude829,United States,N64,Yes
462,z0qn7qem,461,http://www.speedrun.com/sm64/run/z0qn7qem,2024-09-10T05:20:47Z,3111,3111,8647vrqj,radrick,United States,EMU,Yes
463,y90vd72y,464,http://www.speedrun.com/sm64/run/y90vd72y,2020-06-09T17:55:38Z,3112,3112,o86neqxz,turboscoot,England,N64,Yes
464,oy2j2l6z,465,http://www.speedrun.com/sm64/run/oy2j2l6z,2016-05-15T18:20:36Z,3113,3113,18vyq58l,Haru様,Germany,N64,Yes
465,m3vqrq4z,465,http://www.speedrun.com/sm64/run/m3vqrq4z,2025-07-13T19:22:51Z,3113,3113,v81100p8,HomerOfSteel,France,EMU,Yes
466,yv67kpoz,467,http://www.speedrun.com/sm64/run/yv67kpoz,2020-08-03T06:47:57Z,3114,3114,kj9rewj4,Bird650,United States,N64,No
467,y8gkvnxz,467,http://www.speedrun.com/sm64/run/y8gkvnxz,2025-07-19T12:47:22Z,3114,3114,8rm455qj,Xela_,Venezuela,EMU,No
468,yd5gd3jm,469,http://www.speedrun.com/sm64/run/yd5gd3jm,2020-06-21T21:49:31Z,3115,3115,qjo3kk7j,Fuff,Canada,N64,Yes
469,y9jo2rem,469,http://www.speedrun.com/sm64/run/y9jo2rem,2024-02-13T02:34:30Z,3115,3115,8r7eqr6j,Itz_Me_Coreyyy,United States,N64,Yes
470,oy2n89yd,471,http://www.speedrun.com/sm64/run/oy2n89yd,,3116,3116,kjpor28q,Vulpone,Japan,VC,Yes
471,z13no07m,472,http://www.speedrun.com/sm64/run/z13no07m,2018-01-27T22:44:55Z,3117,3117,zx75q087,Vincertain,Québec,N64,Yes
472,zxd6o48y,472,http://www.speedrun.com/sm64/run/zxd6o48y,2020-10-20T11:06:21Z,3117,3117,98r1n2qj,Nanashi745,Japan,N64,Yes
473,y99nd92y,472,http://www.speedrun.com/sm64/run/y99nd92y,2021-05-08T17:11:02Z,3117,3117,xz9z40r8,zMatt_,Italy,EMU,Yes
474,me1pqd0y,472,http://www.speedrun.com/sm64/run/me1pqd0y,2022-10-31T08:37:47Z,3117,3117,e8ewrz78,ariapath,Australia,EMU,Yes
475,zx2o54km,476,http://www.speedrun.com/sm64/run/zx2o54km,2020-05-27T16:37:17Z,3118,3118,v81eydrj,Minelover,United States,EMU,Yes
476,z0q6k79m,476,http://www.speedrun.com/sm64/run/z0q6k79m,2024-08-10T15:54:51Z,3118,3118,xyovd1nj,Henoty,France,EMU,Yes
477,z00p5r8z,476,http://www.speedrun.com/sm64/run/z00p5r8z,2025-06-24T16:21:16Z,3118,3118,qjn2eg4j,Artemis,United States,N64,Yes
478,0y6gjpm7,479,http://www.speedrun.com/sm64/run/0y6gjpm7,,3120,3120,,,,VC,No
479,y9w76nkz,479,http://www.speedrun.com/sm64/run/y9w76nkz,2025-09-30T19:54:19Z,3120,3120,y8d0grgx,osum,United Kingdom,N64,Yes
480,yljjwr2m,479,http://www.speedrun.com/sm64/run/yljjwr2m,2025-08-15T01:14:01Z,3120,3120,81qn9n5j,turtlehippo,Canada,N64,Yes
481,znp6969m,482,http://www.speedrun.com/sm64/run/znp6969m,2022-07-17T00:26:41Z,3121,3121,86vp263j,OdieB,Canada,N64,No
482,nz19gkrm,483,http://www.speedrun.com/sm64/run/nz19gkrm,2016-08-21T22:08:08Z,3123,3123,48g03yxp,wilzo,United Kingdom,N64,Yes
483,0zn9g3yn,484,http://www.speedrun.com/sm64/run/0zn9g3yn,,3124,3124,,,,VC,Yes
484,zgpl3nez,484,http://www.speedrun.com/sm64/run/zgpl3nez,2022-06-21T22:40:50Z,3124,3124,x7w7vor8,jokehow,United States,N64,Yes
485,y2530j9y,486,http://www.speedrun.com/sm64/run/y2530j9y,2020-04-03T19:43:54Z,3125,3125,dx3wpl2j,MrJimmysteel25,United States,N64,Yes
486,m7072vey,487,http://www.speedrun.com/sm64/run/m7072vey,2023-06-17T00:33:53Z,3126,3126,1xy1oozx,ringo792,United States,N64,Yes
487,y6qjx4qz,487,http://www.speedrun.com/sm64/run/y6qjx4qz,2024-01-11T14:56:42Z,3126,3126,8vkkkz5j,haruto701,Japan,N64,Yes
488,yjp792dy,489,http://www.speedrun.com/sm64/run/yjp792dy,2022-07-12T05:31:33Z,3128,3128,8g5kr62j,NaturallyAllen,United States,EMU,Yes
489,mk0vnq5z,490,http://www.speedrun.com/sm64/run/mk0vnq5z,2023-07-09T17:21:55Z,3129,3129,1xyqnov8,unpushplay,United States,N64,Yes
490,y8gjdrwz,490,http://www.speedrun.com/sm64/run/y8gjdrwz,2025-06-19T22:45:17Z,3129,3129,xk4vr56j,ktrZetto,Japan,N64,Yes
491,y8g6krxz,490,http://www.speedrun.com/sm64/run/y8g6krxz,2025-07-15T11:32:48Z,3129,3129,xk3md7m8,The_H_Pandin,Spain,EMU,Yes
492,znj7w17m,493,http://www.speedrun.com/sm64/run/znj7w17m,2023-01-23T17:50:51Z,3130,3130,jn2zwo1j,Alessiow,Italy,EMU,No
493,m7v4839m,493,http://www.speedrun.com/sm64/run/m7v4839m,2026-02-02T06:38:10Z,3130,3130,8q0rd20j,Jaredsito,Mexico,EMU,Yes
494,yon7kddz,495,http://www.speedrun.com/sm64/run/yon7kddz,2023-06-09T06:59:58Z,3131,3131,j5v799w8,Naraknight,United States,N64,Yes
495,y6jono1m,495,http://www.speedrun.com/sm64/run/y6jono1m,2025-07-07T21:44:00Z,3131,3131,j067o23j,sidbeegamin,United States,N64,Yes
496,zgg3g1ez,497,http://www.speedrun.com/sm64/run/zgg3g1ez,2021-04-10T20:01:13Z,3132,3132,86nnyy0x,Valancic,England,VC,Yes
497,mr195l7z,497,http://www.speedrun.com/sm64/run/mr195l7z,2021-05-04T14:16:28Z,3132,3132,x7qgd2v8,Creo,Norway,EMU,Yes
498,zp3l448m,499,http://www.speedrun.com/sm64/run/zp3l448m,2021-01-30T05:11:29Z,3133,3133,qj26nnnx,Marteeny,Japan,N64,Yes
499,yv85r7xm,499,http://www.speedrun.com/sm64/run/yv85r7xm,2023-03-24T22:48:08Z,3133,3133,8g5egl1j,Rayydex,Germany,EMU,Yes
500,zqqr545z,499,http://www.speedrun.com/sm64/run/zqqr545z,2024-07-25T16:21:52Z,3133,3133,8ge47mrj,bugofcake,England,N64,Yes
501,zn9wv59y,499,http://www.speedrun.com/sm64/run/zn9wv59y,2024-11-30T19:27:24Z,3133,3133,y8dkzmgj,kmarket,Finland,EMU,Yes
502,zg993vem,499,http://www.speedrun.com/sm64/run/zg993vem,2026-01-21T06:42:27Z,3133,3133,qj25l5pj,tjk,,N64,Yes
