,id,place,speedrun_link,submitted_date,primary_time_seconds,real_time_seconds,player_id,player_name,player_country,platform,verified
0,zp56lrry,1,http://www.speedrun.com/sm64/run/zp56lrry,2025-12-31T06:00:33Z,374.19,374.19,jn32931x,Suigi,Canada,N64,Yes
1,m3vr6ggz,2,http://www.speedrun.com/sm64/run/m3vr6ggz,2025-06-07T14:30:24Z,379.14,379.14,8wkzer38,Parsee02,Japan,N64,Yes
2,yo5x381z,3,http://www.speedrun.com/sm64/run/yo5x381z,2026-01-05T18:38:06Z,379.73,379.73,qj2rklpx,cjrokokomero,Italy,N64,Yes
3,z00x1qoz,4,http://www.speedrun.com/sm64/run/z00x1qoz,2025-07-18T18:02:33Z,385.1,385.1,xkmnnmmj,ZUMMI,Italy,EMU,Yes
4,ydl4l90z,5,http://www.speedrun.com/sm64/run/ydl4l90z,2024-10-21T11:26:05Z,386.4,386.4,xk3nmqk8,DuckTapeDuck,,EMU,Yes
5,zq50worz,6,http://www.speedrun.com/sm64/run/zq50worz,2025-11-22T09:47:15Z,387.1,387.1,xkzm1z9x,MmaARriOy_,Japan,N64,Yes
6,ywjg8w9z,7,http://www.speedrun.com/sm64/run/ywjg8w9z,2022-02-12T20:34:19Z,387.38,387.38,7j40gpw8,tokumeiR,Antarctica,N64,Yes
7,yd4elvqy,8,http://www.speedrun.com/sm64/run/yd4elvqy,2025-06-16T00:12:26Z,390.02,390.02,18q652oj,Poke,United States,N64,Yes
8,zx0l2pez,9,http://www.speedrun.com/sm64/run/zx0l2pez,2025-06-19T07:37:45Z,390.7,390.7,j2www16j,treybordo,United States,N64,Yes
9,mr988ogm,10,http://www.speedrun.com/sm64/run/mr988ogm,2020-09-19T08:25:25Z,392.15,392.15,kj92gmv8,Dowsky,United States,N64,Yes
10,y6qdo8pz,11,http://www.speedrun.com/sm64/run/y6qdo8pz,2023-10-26T00:53:17Z,393.1,393.1,8vkrw22j,Tag609,United States,N64,Yes
11,zqpen89m,12,http://www.speedrun.com/sm64/run/zqpen89m,2025-07-10T23:05:39Z,395.03,395.03,86nnlvqx,Banova8,France,N64,Yes
12,y6j87r6m,13,http://www.speedrun.com/sm64/run/y6j87r6m,2025-08-15T22:43:12Z,395.12,395.12,48gqo07j,darkdog47,United States,N64,Yes
13,y9wo492z,14,http://www.speedrun.com/sm64/run/y9wo492z,2025-09-26T19:51:39Z,395.35,395.35,8r2w1n3x,Kinosura,France,N64,Yes
14,y2221wjy,15,http://www.speedrun.com/sm64/run/y2221wjy,2024-05-13T14:29:08Z,400.45,400.45,18qowewj,Majoog,South Korea,N64,Yes
15,y6en9gpz,16,http://www.speedrun.com/sm64/run/y6en9gpz,2024-08-24T10:15:39Z,401.9,401.9,8ew0dk28,NotGorilla,Sweden,EMU,No
16,zg89j6ey,17,http://www.speedrun.com/sm64/run/zg89j6ey,2024-01-19T02:59:26Z,403.9,403.9,jmolpwo8,Raisn,Germany,N64,Yes
17,8yv24rem,18,http://www.speedrun.com/sm64/run/8yv24rem,2015-08-07T21:20:12Z,404.23,404.23,,,,N64,Yes
18,z1v58d7z,19,http://www.speedrun.com/sm64/run/z1v58d7z,2024-12-25T19:01:37Z,404.6,404.6,kjprmwk8,Weegee,United States,N64,Yes
19,yv7nkd6y,20,http://www.speedrun.com/sm64/run/yv7nkd6y,2025-08-09T04:24:59Z,404.66,404.66,81q1oq5j,Ian_1243,Peru,EMU,Yes
20,dy4jg0ny,21,http://www.speedrun.com/sm64/run/dy4jg0ny,2016-10-25T19:03:39Z,404.7,404.7,o866w58z,Xiah,Japan,N64,Yes
21,y4nl46km,22,http://www.speedrun.com/sm64/run/y4nl46km,2025-08-03T02:16:48Z,405.23,405.23,jo3w720j,JumboJolt,Antarctica,EMU,Yes
22,z17qx99z,23,http://www.speedrun.com/sm64/run/z17qx99z,2025-12-13T13:37:11Z,405.25,405.25,1xy05zjr,turara32767,Japan,N64,Yes
23,mrr912dm,24,http://www.speedrun.com/sm64/run/mrr912dm,2022-08-17T05:40:11Z,405.67,405.67,68w4ro4x,wara,Japan,N64,Yes
24,zxxd815z,25,http://www.speedrun.com/sm64/run/zxxd815z,2024-08-03T12:44:00Z,406.4,406.4,xzlelze8,xWicko,Australia,N64,Yes
25,y2g8507z,26,http://www.speedrun.com/sm64/run/y2g8507z,2023-08-04T09:13:52Z,408.03,408.03,xyrqdwmj,Zhilkan,Spain,EMU,Yes
26,yd1ervvy,27,http://www.speedrun.com/sm64/run/yd1ervvy,2022-08-28T16:25:19Z,408.4,408.4,qjoolrej,nobori56,Japan,N64,Yes
27,y6r7wn0y,28,http://www.speedrun.com/sm64/run/y6r7wn0y,2020-09-17T07:21:59Z,408.99,408.99,1xy9p1vj,taihou,Japan,EMU,No
28,m7g1k9em,29,http://www.speedrun.com/sm64/run/m7g1k9em,2020-03-31T00:27:14Z,409.08,409.08,dx35yzej,TriforceTK,United States,EMU,Yes
29,z0x6goez,30,http://www.speedrun.com/sm64/run/z0x6goez,2023-10-21T09:38:26Z,409.57,409.57,qj23lpxk,Miton,Japan,N64,Yes
30,y48v3wqm,31,http://www.speedrun.com/sm64/run/y48v3wqm,2022-03-10T23:43:58Z,410.17,410.17,0jm36qe8,Xein64,Germany,N64,Yes
31,yjeqq93m,32,http://www.speedrun.com/sm64/run/yjeqq93m,2025-03-18T20:19:40Z,411.13,411.13,x7z7pey8,Everchix,Japan,N64,Yes
32,z5pqggjm,33,http://www.speedrun.com/sm64/run/z5pqggjm,2023-08-29T08:36:22Z,412.05,412.05,j96ww5vj,asandal,United States,N64,Yes
33,me1vq13y,34,http://www.speedrun.com/sm64/run/me1vq13y,2022-07-31T22:11:20Z,412.31,412.31,qxk4wo6j,saksdal,United States,N64,Yes
34,yw2pel3y,35,http://www.speedrun.com/sm64/run/yw2pel3y,2025-05-01T19:31:36Z,412.64,412.64,864vnd5j,Louis64,Germany,N64,Yes
35,yv8nvvom,36,http://www.speedrun.com/sm64/run/yv8nvvom,2023-03-13T22:57:47Z,413.05,413.05,j4rpn7d8,Nils,Sweden,N64,Yes
36,m70do89y,37,http://www.speedrun.com/sm64/run/m70do89y,2023-06-11T23:16:22Z,413.83,413.83,8vo90m5x,Nicolascs83,Spain,N64,Yes
37,yon4rgdz,38,http://www.speedrun.com/sm64/run/yon4rgdz,2023-05-02T08:41:00Z,413.85,413.85,jnzgrmwj,CyanogenSm64,Uzbekistan,VC,No
38,z1lv8x7m,39,http://www.speedrun.com/sm64/run/z1lv8x7m,2023-07-30T16:58:33Z,413.86,413.86,kj9z6pn8,Sunnard,France,EMU,Yes
39,yoe1ne5z,40,http://www.speedrun.com/sm64/run/yoe1ne5z,2025-09-15T05:25:25Z,413.93,413.93,8lpgwllj,Vadien,United States,N64,Yes
40,z0ogd1ez,41,http://www.speedrun.com/sm64/run/z0ogd1ez,2022-03-25T17:49:38Z,414.44,414.44,8lp7rqrj,kiliaaan,Germany,EMU,Yes
41,z00vnj9z,42,http://www.speedrun.com/sm64/run/z00vnj9z,2025-09-14T21:22:41Z,414.46,414.46,jp47de4j,lerrythelobtser,Canada,N64,Yes
42,zngdk7vm,43,http://www.speedrun.com/sm64/run/zngdk7vm,2025-09-12T06:54:05Z,415.43,415.43,8v57kgvj,GrievousD2,Canada,N64,Yes
43,z5e9wp5z,44,http://www.speedrun.com/sm64/run/z5e9wp5z,2023-04-21T18:41:58Z,415.56,415.56,8wlk4n4j,Kaimatix,England,N64,Yes
44,z5lgr4dy,45,http://www.speedrun.com/sm64/run/z5lgr4dy,2025-03-04T10:10:57Z,415.76,415.76,81kddqpj,dekitan,Japan,N64,Yes
45,zg9op4jm,46,http://www.speedrun.com/sm64/run/zg9op4jm,2026-01-06T23:36:02Z,415.91,415.91,68wp5qvx,geek,Germany,N64,Yes
46,y8g5jlwz,47,http://www.speedrun.com/sm64/run/y8g5jlwz,2025-09-14T03:04:43Z,415.96,415.96,jm3lqln8,Mauir,Chile,N64,Yes
47,0y6j56jm,48,http://www.speedrun.com/sm64/run/0y6j56jm,2016-11-14T01:13:01Z,415.98,415.98,qxkovg98,gohanie,Japan,N64,Yes
48,zp6op28m,49,http://www.speedrun.com/sm64/run/zp6op28m,2024-06-02T21:07:34Z,416.01,416.01,8d35ly5x,RetroTorpedo,Germany,EMU,Yes
49,y9vkxnvm,50,http://www.speedrun.com/sm64/run/y9vkxnvm,2022-06-19T19:53:51Z,417.11,417.11,7j4mzd5j,Thomkar,Norway,N64,Yes
50,y2kv4q6y,51,http://www.speedrun.com/sm64/run/y2kv4q6y,2023-10-20T22:56:05Z,418.21,418.21,8e6k1loj,Phoenix,Australia,VC,Yes
51,yldnrk3m,52,http://www.speedrun.com/sm64/run/yldnrk3m,2024-04-27T12:07:19Z,418.65,418.65,xkm3lk7j,Nonag,Germany,EMU,Yes
52,yj9pe5oz,53,http://www.speedrun.com/sm64/run/yj9pe5oz,2024-09-01T01:31:24Z,418.76,418.76,xylw0wmj,Linkarf,Québec,N64,Yes
53,z0948jjz,54,http://www.speedrun.com/sm64/run/z0948jjz,2021-01-03T20:50:58Z,418.95,418.95,x353dr7j,Finnii602,Germany,VC,Yes
54,z0j0k3jy,55,http://www.speedrun.com/sm64/run/z0j0k3jy,2023-08-07T05:39:16Z,418.98,418.98,8e6vr17j,piegolds,Australia,EMU,Yes
55,y8dj04xz,56,http://www.speedrun.com/sm64/run/y8dj04xz,2021-05-22T04:46:11Z,419.05,419.05,qjned9qj,tami,Japan,N64,Yes
56,yjdj0g3y,57,http://www.speedrun.com/sm64/run/yjdj0g3y,2022-07-31T21:44:30Z,419.08,419.08,j2ylqn68,Karin,Japan,N64,Yes
57,mroenx2m,58,http://www.speedrun.com/sm64/run/mroenx2m,2022-12-20T01:18:39Z,419.16,419.16,zxzn3w9x,spener1122,Canada,N64,Yes
58,yvv2386y,59,http://www.speedrun.com/sm64/run/yvv2386y,2023-10-15T06:24:41Z,419.68,419.68,8w139m3x,oatslice,Australia,N64,Yes
59,z5xlg2ny,60,http://www.speedrun.com/sm64/run/z5xlg2ny,2022-10-15T18:53:52Z,420.0,420.0,18q6977j,Burnito,France,N64,Yes
60,y4grwqdy,60,http://www.speedrun.com/sm64/run/y4grwqdy,2023-01-12T20:35:33Z,420.0,420.0,jnz2ykqj,ShaDowSPoweR,France,EMU,Yes
61,y6okpnjy,62,http://www.speedrun.com/sm64/run/y6okpnjy,2023-04-16T22:14:24Z,421.0,421.0,8enge328,BenedictFleur123,Netherlands,EMU,Yes
62,zg6r0gdm,62,http://www.speedrun.com/sm64/run/zg6r0gdm,2025-06-17T04:29:03Z,421.0,421.0,x7wzv1v8,ADRki11er,Brazil,EMU,Yes
63,m7ll58ey,64,http://www.speedrun.com/sm64/run/m7ll58ey,2025-08-11T01:22:09Z,423.0,423.0,98rky4qx,BigCheese,United States,N64,Yes
64,m7pknkem,65,http://www.speedrun.com/sm64/run/m7pknkem,2019-04-26T11:46:52Z,424.0,424.0,zxzpz50j,Fafel,Japan,N64,Yes
65,yoxkqgjy,65,http://www.speedrun.com/sm64/run/yoxkqgjy,2024-07-30T11:07:29Z,424.0,424.0,8107re5x,Amush_MashB,,EMU,Yes
66,zn25l53z,67,http://www.speedrun.com/sm64/run/zn25l53z,2024-06-11T04:14:46Z,425.0,425.0,jo3qoo0j,fattylugia,United States,EMU,Yes
67,yvx40w4z,68,http://www.speedrun.com/sm64/run/yvx40w4z,2024-07-08T16:24:44Z,428.0,428.0,v816eo5x,Soda,,N64,Yes
68,m7e4r3wz,68,http://www.speedrun.com/sm64/run/m7e4r3wz,2025-04-06T21:30:59Z,428.0,428.0,8q3g5goj,Taylor,United States,N64,Yes
69,z0xgo8jz,70,http://www.speedrun.com/sm64/run/z0xgo8jz,2024-02-03T00:55:40Z,429.0,429.0,j5wo65gj,Blahaj64,Canada,N64,Yes
70,z5d68e5m,71,http://www.speedrun.com/sm64/run/z5d68e5m,2021-11-04T18:55:34Z,430.0,430.0,e8evzg7x,gamiru,Japan,N64,No
71,yv7p084y,71,http://www.speedrun.com/sm64/run/yv7p084y,2025-07-14T18:22:19Z,430.0,430.0,joo3093j,ChiaraSM64,France,EMU,Yes
72,ylj8r9km,71,http://www.speedrun.com/sm64/run/ylj8r9km,2025-09-05T03:38:59Z,430.0,430.0,8v5253yj,taciturn,United States,EMU,Yes
73,zn5gex3z,71,http://www.speedrun.com/sm64/run/zn5gex3z,2026-01-19T01:34:30Z,430.0,430.0,pj0rd9mj,Gemini_,Australia,N64,Yes
74,yoe54g7z,75,http://www.speedrun.com/sm64/run/yoe54g7z,2025-08-16T02:01:48Z,431.0,431.0,81qn9n5j,turtlehippo,Canada,N64,Yes
75,y9x74r2y,76,http://www.speedrun.com/sm64/run/y9x74r2y,2022-08-05T00:55:36Z,434.0,434.0,8rpp0egj,Bluth,United States,N64,No
76,yj9lll7z,76,http://www.speedrun.com/sm64/run/yj9lll7z,2024-07-27T16:08:05Z,434.0,434.0,x7qqopy8,Kudo,France,N64,Yes
77,z1p7x9jz,78,http://www.speedrun.com/sm64/run/z1p7x9jz,2022-07-10T21:37:48Z,435.0,435.0,kjpqrr4x,Goldrush,Japan,N64,Yes
78,yl1vl72m,78,http://www.speedrun.com/sm64/run/yl1vl72m,2022-08-18T07:02:17Z,435.0,435.0,j0324nmj,MrDasho,Ecuador,EMU,Yes
79,z16783gm,80,http://www.speedrun.com/sm64/run/z16783gm,2025-08-17T04:02:46Z,436.0,436.0,8lr61378,LightBlue,Canada,N64,Yes
80,me30vp9z,81,http://www.speedrun.com/sm64/run/me30vp9z,2022-06-17T17:48:25Z,437.0,437.0,x7m9r50x,SaschaSR,Germany,EMU,Yes
81,z17g92wz,82,http://www.speedrun.com/sm64/run/z17g92wz,2025-12-08T01:45:27Z,438.0,438.0,jm0wk0y8,Kayleee,Canada,N64,Yes
82,yl7lj42m,83,http://www.speedrun.com/sm64/run/yl7lj42m,2022-06-20T22:25:08Z,439.0,439.0,zxzqlnrx,Cysse,France,EMU,Yes
83,ylp7w3km,83,http://www.speedrun.com/sm64/run/ylp7w3km,2025-02-01T15:03:36Z,439.0,439.0,8lr0m1v8,Avatar,United States,N64,Yes
84,ywnvl3ny,85,http://www.speedrun.com/sm64/run/ywnvl3ny,2023-12-05T22:23:00Z,440.0,440.0,pj0l653j,FailmanFlo,Germany,N64,Yes
85,zgox3rvm,85,http://www.speedrun.com/sm64/run/zgox3rvm,2024-08-06T04:14:52Z,440.0,440.0,8d4ywn58,vitroncio,Brazil,N64,Yes
86,men72e2m,85,http://www.speedrun.com/sm64/run/men72e2m,2025-01-14T13:08:00Z,440.0,440.0,8lrkpl78,welfare_ninja,Canada,N64,Yes
87,oy2n26yd,88,http://www.speedrun.com/sm64/run/oy2n26yd,,441.0,441.0,,,,N64,Yes
88,7z08d4m5,88,http://www.speedrun.com/sm64/run/7z08d4m5,,441.0,441.0,18qnw78n,Mese,Japan,N64,Yes
89,zpxw338m,88,http://www.speedrun.com/sm64/run/zpxw338m,2024-09-15T20:01:34Z,441.0,441.0,e8e23628,flow,Brazil,EMU,Yes
90,mep6dj3y,88,http://www.speedrun.com/sm64/run/mep6dj3y,2025-10-30T21:56:14Z,441.0,441.0,8dpdnk98,Gychi,Mexico,EMU,Yes
91,yv77jlxy,92,http://www.speedrun.com/sm64/run/yv77jlxy,2025-08-10T11:48:28Z,442.0,442.0,j427vvmx,NaeNaeEpicSwag,United States,N64,Yes
92,wzp7ll8z,93,http://www.speedrun.com/sm64/run/wzp7ll8z,2017-03-13T21:24:34Z,443.0,443.0,,,,N64,Yes
93,yo44dldm,93,http://www.speedrun.com/sm64/run/yo44dldm,2017-04-30T14:24:03Z,443.0,443.0,qjn9dwxm,360Chrism,Germany,VC,Yes
94,yvo5ro8z,93,http://www.speedrun.com/sm64/run/yvo5ro8z,2021-11-03T12:51:19Z,443.0,443.0,86vq7g3j,nono_6328,Japan,N64,No
95,z5g38onm,93,http://www.speedrun.com/sm64/run/z5g38onm,2024-08-04T01:53:20Z,443.0,443.0,zx71oy0x,FGSM,Scotland,EMU,Yes
96,y4nk11nm,93,http://www.speedrun.com/sm64/run/y4nk11nm,2025-07-18T14:43:10Z,443.0,443.0,86776mqj,aoja,Japan,N64,Yes
97,0y6gv1m7,98,http://www.speedrun.com/sm64/run/0y6gv1m7,,445.0,445.0,,,,N64,Yes
98,y9668wey,99,http://www.speedrun.com/sm64/run/y9668wey,2023-02-12T17:37:16Z,446.0,446.0,qj2z19nj,TheCrit,United States,EMU,Yes
99,y6jjne6m,99,http://www.speedrun.com/sm64/run/y6jjne6m,2025-08-12T05:03:18Z,446.0,446.0,8r7412qj,Rynnoo,United States,N64,Yes
100,znp54l3m,101,http://www.speedrun.com/sm64/run/znp54l3m,2022-07-09T21:27:32Z,447.0,447.0,7j4epgvx,Mcnessyj,New Zealand,N64,Yes
101,m7l45qey,101,http://www.speedrun.com/sm64/run/m7l45qey,2025-08-28T23:23:09Z,447.0,447.0,7j4q7emx,eleesuh,Germany,N64,Yes
102,y9lg7pky,103,http://www.speedrun.com/sm64/run/y9lg7pky,2022-03-10T21:53:19Z,448.0,448.0,zxzzzrxq,Moose,United States,N64,Yes
103,yj4pq2gy,104,http://www.speedrun.com/sm64/run/yj4pq2gy,2018-10-30T10:18:58Z,449.0,449.0,7j4drzdj,AppleJuice,United States,EMU,Yes
104,ywxe560m,104,http://www.speedrun.com/sm64/run/ywxe560m,2024-07-10T08:35:24Z,449.0,449.0,qjnw4rdj,CapruSin,United States,EMU,Yes
105,yoengo1z,106,http://www.speedrun.com/sm64/run/yoengo1z,2025-07-17T03:54:57Z,450.0,450.0,8lrm6r78,piposaru,Japan,N64,Yes
106,yox3k6jy,107,http://www.speedrun.com/sm64/run/yox3k6jy,2024-08-01T17:39:29Z,451.0,451.0,x77dy6qx,symplicial,United States,N64,Yes
107,mr5ddd2y,107,http://www.speedrun.com/sm64/run/mr5ddd2y,2026-01-19T23:57:44Z,451.0,451.0,1xy9r4yj,Mapiz,Italy,N64,Yes
108,y8008d5m,109,http://www.speedrun.com/sm64/run/y8008d5m,2023-02-11T22:20:36Z,452.0,452.0,j425r0wx,enzn,Canada,N64,Yes
109,y9er0qvz,109,http://www.speedrun.com/sm64/run/y9er0qvz,2025-09-04T05:49:37Z,452.0,452.0,8rm20ewj,FlamingFishsticks,United States,EMU,Yes
110,z1k3ongy,111,http://www.speedrun.com/sm64/run/z1k3ongy,2023-09-13T02:59:02Z,453.0,453.0,qjomp63x,Frisson4,Québec,N64,Yes
111,mk841ovm,112,http://www.speedrun.com/sm64/run/mk841ovm,2020-09-16T05:59:20Z,454.0,454.0,qjoq7yl8,KevinKrunch,United States,N64,Yes
112,y4675xdz,112,http://www.speedrun.com/sm64/run/y4675xdz,2024-03-31T11:59:51Z,454.0,454.0,j52myw6j,Mario104,China,EMU,Yes
113,y69ngnjy,114,http://www.speedrun.com/sm64/run/y69ngnjy,2021-09-08T01:52:19Z,455.0,455.0,98re9d6x,Payduck64,United States,N64,Yes
114,zgelp3ny,114,http://www.speedrun.com/sm64/run/zgelp3ny,2023-07-21T19:16:06Z,455.0,455.0,j4rg3z58,CheesyLeech,United States,N64,No
115,yvnrdqom,114,http://www.speedrun.com/sm64/run/yvnrdqom,2025-02-01T21:06:22Z,455.0,455.0,8r3rzrq8,PARS1K,Germany,EMU,Yes
116,zpgpodrz,117,http://www.speedrun.com/sm64/run/zpgpodrz,2023-02-25T06:05:29Z,456.0,456.0,j4232gmx,VonJim,Québec,N64,Yes
117,z0q3lqjm,117,http://www.speedrun.com/sm64/run/z0q3lqjm,2024-07-19T03:17:29Z,456.0,456.0,xz27v1nx,NewmanBeatbox,United States,EMU,Yes
118,y8g5p9nz,117,http://www.speedrun.com/sm64/run/y8g5p9nz,2025-09-15T22:27:11Z,456.0,456.0,qxkrpqm8,Dackage,United States,EMU,Yes
119,z0j73pey,120,http://www.speedrun.com/sm64/run/z0j73pey,2023-06-14T12:52:22Z,457.0,457.0,8vkn1mnj,madware,Chile,N64,Yes
120,y4o6nknz,120,http://www.speedrun.com/sm64/run/y4o6nknz,2023-07-23T12:33:39Z,457.0,457.0,zxz1vorj,Karyno,France,N64,Yes
121,zqp5435m,120,http://www.speedrun.com/sm64/run/zqp5435m,2025-08-16T22:23:23Z,457.0,457.0,86nk3mpx,YogoC,United States,N64,Yes
122,y28ljlwy,123,http://www.speedrun.com/sm64/run/y28ljlwy,2025-09-14T23:55:49Z,458.0,458.0,x3w377ej,AbUnderscored,Jordan,EMU,Yes
123,mr50ee2y,123,http://www.speedrun.com/sm64/run/mr50ee2y,2026-01-10T21:51:42Z,458.0,458.0,xz9z40r8,zMatt_,Italy,N64,Yes
124,yjwwo5nm,125,http://www.speedrun.com/sm64/run/yjwwo5nm,2023-12-18T21:05:25Z,460.0,460.0,j4rpdvw8,DerMuriToaster,Germany,EMU,Yes
125,zxwn768m,126,http://www.speedrun.com/sm64/run/zxwn768m,2023-12-01T07:34:54Z,461.0,461.0,v8lgdovj,Drac,Brazil,N64,Yes
126,m7o1x29y,126,http://www.speedrun.com/sm64/run/m7o1x29y,2024-07-08T13:37:38Z,461.0,461.0,qjo0ge7j,millacks,Ireland,VC,Yes
127,yjp9dr7y,128,http://www.speedrun.com/sm64/run/yjp9dr7y,2022-06-28T04:54:25Z,462.0,462.0,68wzrnv8,aussieadam,United States,EMU,Yes
128,mke03vlm,129,http://www.speedrun.com/sm64/run/mke03vlm,2022-02-02T14:15:51Z,463.0,463.0,48g23pyj,galapagos,Japan,N64,Yes
129,zpovlonm,129,http://www.speedrun.com/sm64/run/zpovlonm,2025-08-23T00:48:54Z,463.0,463.0,8r3064w8,JTown2909,United States,N64,Yes
130,y286p09y,129,http://www.speedrun.com/sm64/run/y286p09y,2025-08-24T04:56:15Z,463.0,463.0,x76047vj,PhoenixSixtyFour,United States,N64,Yes
131,mel7q93z,132,http://www.speedrun.com/sm64/run/mel7q93z,2023-06-13T10:45:58Z,464.0,464.0,j40y2pv8,Tansan,Japan,N64,Yes
132,mrx9028m,132,http://www.speedrun.com/sm64/run/mrx9028m,2024-08-04T16:57:12Z,464.0,464.0,8rperewj,nahobox,Scotland,EMU,Yes
133,z5lrgony,132,http://www.speedrun.com/sm64/run/z5lrgony,2025-01-13T19:09:31Z,464.0,464.0,xz2z23ex,King_bay,Japan,N64,Yes
134,zg6xr9vm,132,http://www.speedrun.com/sm64/run/zg6xr9vm,2025-05-31T14:08:23Z,464.0,464.0,18v7n5n8,Nyx64,Ireland,N64,Yes
135,y98nxl2z,136,http://www.speedrun.com/sm64/run/y98nxl2z,2023-06-04T19:22:20Z,465.0,465.0,j2636gox,smc_,Scotland,N64,Yes
136,zq0rrw8y,137,http://www.speedrun.com/sm64/run/zq0rrw8y,2021-12-18T16:38:25Z,466.0,466.0,8qrgozwj,Oxelput,Germany,N64,Yes
137,yl7d9grm,137,http://www.speedrun.com/sm64/run/yl7d9grm,2022-06-22T05:03:30Z,466.0,466.0,48geze7j,heeheex2,Canada,VC,Yes
138,zqppj69m,139,http://www.speedrun.com/sm64/run/zqppj69m,2025-08-13T00:48:11Z,467.0,467.0,xk4zke6j,ElDeve,Argentina,EMU,Yes
139,me280x9m,140,http://www.speedrun.com/sm64/run/me280x9m,2025-05-05T09:28:05Z,468.0,468.0,xk41ok7j,Cosmalano,,N64,Yes
140,m35l976y,141,http://www.speedrun.com/sm64/run/m35l976y,2020-06-18T22:50:52Z,469.0,469.0,1xyldrvj,anti,,N64,Yes
141,mrx8r57m,141,http://www.speedrun.com/sm64/run/mrx8r57m,2024-07-19T03:51:28Z,469.0,469.0,jo35yn7j,Luisito,Mexico,VC,Yes
142,z17xxpjz,141,http://www.speedrun.com/sm64/run/z17xxpjz,2025-11-16T02:47:14Z,469.0,469.0,8r1gmg6j,Hansel_Panda,United States,N64,Yes
143,7z0pnw4y,144,http://www.speedrun.com/sm64/run/7z0pnw4y,2016-02-20T15:12:15Z,470.0,470.0,qjn3egwx,Babass_21,France,EMU,Yes
144,mr7ox67z,145,http://www.speedrun.com/sm64/run/mr7ox67z,2022-06-10T13:15:07Z,471.0,471.0,8rpv21dj,ZeusSM64,New Zealand,EMU,Yes
145,z00kvk4z,145,http://www.speedrun.com/sm64/run/z00kvk4z,2025-08-21T13:22:47Z,471.0,471.0,8rm455qj,Xela_,Venezuela,EMU,Yes
146,8yvnx4mo,147,http://www.speedrun.com/sm64/run/8yvnx4mo,,472.0,472.0,e8e6k12j,kumasyatyou,Japan,N64,No
147,m3jgnv4z,147,http://www.speedrun.com/sm64/run/m3jgnv4z,2024-08-02T05:26:31Z,472.0,472.0,zxz67wn8,AJLane,United States,N64,Yes
148,yd4kjejy,147,http://www.speedrun.com/sm64/run/yd4kjejy,2025-09-15T01:59:03Z,472.0,472.0,8v55qvej,Lucinovic,Netherlands,N64,Yes
149,nz11j7rz,150,http://www.speedrun.com/sm64/run/nz11j7rz,2015-02-11T11:31:53Z,473.0,473.0,zx7qg687,ParadoxKarl,Esperanto,N64,Yes
150,y4qkro2m,150,http://www.speedrun.com/sm64/run/y4qkro2m,2022-06-19T02:13:37Z,473.0,473.0,zx7gkrx7,alaris,United States,N64,No
151,meo33x9z,152,http://www.speedrun.com/sm64/run/meo33x9z,2020-06-07T22:19:14Z,474.0,474.0,qjo5lrl8,SaltAndGinger,Jersey,N64,Yes
152,yolqe7jy,152,http://www.speedrun.com/sm64/run/yolqe7jy,2023-03-14T22:22:02Z,474.0,474.0,8r7wykdj,quarters,,N64,Yes
153,znpn3rvm,154,http://www.speedrun.com/sm64/run/znpn3rvm,2022-07-22T19:13:51Z,475.0,475.0,jo2l6w78,PabloDiazViolin,Spain,N64,Yes
154,y8p1vk5z,155,http://www.speedrun.com/sm64/run/y8p1vk5z,2024-07-22T21:55:56Z,476.0,476.0,8d3mywlx,ross3102,United States,N64,Yes
155,z08xv9em,155,http://www.speedrun.com/sm64/run/z08xv9em,2025-02-24T17:06:11Z,476.0,476.0,8eoe6kdj,elusiveseraph,,EMU,Yes
156,zqp2qw1m,155,http://www.speedrun.com/sm64/run/zqp2qw1m,2025-08-07T17:45:14Z,476.0,476.0,8v211gyj,lloyD5569,United States,EMU,Yes
157,ylj2lgxm,155,http://www.speedrun.com/sm64/run/ylj2lgxm,2025-08-25T06:13:28Z,476.0,476.0,xko6o278,Seceon,Chile,N64,Yes
158,m32w9w6y,159,http://www.speedrun.com/sm64/run/m32w9w6y,2026-01-10T10:38:45Z,477.0,477.0,81p6mnr8,LFS2001,Brazil,N64,Yes
159,y6l0l81y,160,http://www.speedrun.com/sm64/run/y6l0l81y,2019-09-29T06:00:54Z,478.0,478.0,5j5r396x,YUKING,Japan,N64,Yes
160,y60xgrqy,160,http://www.speedrun.com/sm64/run/y60xgrqy,2022-06-05T11:52:38Z,478.0,478.0,86vvqv0j,DillaGames,Indonesia,EMU,Yes
161,mrl1kq4m,160,http://www.speedrun.com/sm64/run/mrl1kq4m,2023-06-09T04:11:43Z,478.0,478.0,8rlr3pg8,siggyscorp,United States,N64,Yes
162,y6j82j6m,160,http://www.speedrun.com/sm64/run/y6j82j6m,2025-08-18T23:08:06Z,478.0,478.0,jmo3d1e8,Superstinkyburps,United States,N64,Yes
163,zx3ow55z,164,http://www.speedrun.com/sm64/run/zx3ow55z,2023-06-17T12:42:08Z,479.0,479.0,j9rd5koj,taquanrice,Japan,N64,Yes
164,yvvqgj4y,164,http://www.speedrun.com/sm64/run/yvvqgj4y,2023-11-06T17:08:03Z,479.0,479.0,j2wrvyoj,Tanishy,Japan,N64,No
165,z1pnxj9z,166,http://www.speedrun.com/sm64/run/z1pnxj9z,2022-06-27T12:36:08Z,481.0,481.0,8end5g78,SonicGordon6,United States,EMU,Yes
166,ywrxol3m,167,http://www.speedrun.com/sm64/run/ywrxol3m,2023-07-28T18:06:37Z,482.0,482.0,8lpl934j,PegiTheLoca,Germany,EMU,Yes
167,mr0q3vdm,168,http://www.speedrun.com/sm64/run/mr0q3vdm,2024-12-10T23:23:45Z,483.0,483.0,qxkppkkj,goofbrush,United Kingdom,N64,Yes
168,zn54v33z,168,http://www.speedrun.com/sm64/run/zn54v33z,2025-10-07T22:11:53Z,483.0,483.0,qxknn77x,smythe,England,N64,Yes
169,z1ndoe9y,170,http://www.speedrun.com/sm64/run/z1ndoe9y,2024-07-07T02:35:57Z,484.0,484.0,8v5nwrnj,Michaelguy,United States,N64,Yes
170,yddjw6wy,171,http://www.speedrun.com/sm64/run/yddjw6wy,2022-06-14T03:46:42Z,486.0,486.0,8rprrndj,N8rBeans,United States,N64,Yes
171,emkx42vz,172,http://www.speedrun.com/sm64/run/emkx42vz,2017-01-09T02:26:07Z,488.0,488.0,5j52e9qj,GUTOA,Japan,N64,Yes
172,ylp8gpkm,172,http://www.speedrun.com/sm64/run/ylp8gpkm,2025-04-13T06:23:07Z,488.0,488.0,jo2mdg08,Tumbad0,Mexico,EMU,Yes
173,y28o3gwy,172,http://www.speedrun.com/sm64/run/y28o3gwy,2025-09-03T06:44:36Z,488.0,488.0,xk661q68,Doggasus,Chile,EMU,Yes
174,m3n30k4y,175,http://www.speedrun.com/sm64/run/m3n30k4y,2021-02-18T16:20:08Z,489.0,489.0,kjp07yy8,SilverCross,United States,N64,Yes
175,meld000z,176,http://www.speedrun.com/sm64/run/meld000z,2023-08-17T10:16:49Z,490.0,490.0,e8ewrz78,ariapath,Australia,EMU,Yes
176,yjxv8ldz,177,http://www.speedrun.com/sm64/run/yjxv8ldz,2022-03-19T00:50:09Z,491.0,491.0,zxze4qex,caleb2112,United States,N64,Yes
177,m7o76e0y,177,http://www.speedrun.com/sm64/run/m7o76e0y,2024-08-19T05:26:15Z,491.0,491.0,8w1wng4x,moltres93,United States,N64,Yes
178,2ywwxpy4,179,http://www.speedrun.com/sm64/run/2ywwxpy4,,492.0,492.0,v81kkerj,aKaFuKu,Japan,N64,Yes
179,z57p2onm,179,http://www.speedrun.com/sm64/run/z57p2onm,2019-11-17T22:48:45Z,492.0,492.0,7j47lplj,dumpdome64,United States,EMU,Yes
180,m7021qey,179,http://www.speedrun.com/sm64/run/m7021qey,2023-07-05T06:32:29Z,492.0,492.0,1xyqkgz8,Sanklo,Argentina,EMU,Yes
181,zp686o8m,179,http://www.speedrun.com/sm64/run/zp686o8m,2024-04-04T04:52:54Z,492.0,492.0,8w1de74x,aflyingcougar,United States,N64,Yes
182,y6rdr5py,183,http://www.speedrun.com/sm64/run/y6rdr5py,2020-10-25T19:31:46Z,493.0,493.0,jmo4ewn8,Mathematix,United States,EMU,Yes
183,ywx8qgpm,183,http://www.speedrun.com/sm64/run/ywx8qgpm,2024-07-28T09:12:03Z,493.0,493.0,jm3z2mn8,ZtheSunflower,,EMU,Yes
184,z0o2xloz,185,http://www.speedrun.com/sm64/run/z0o2xloz,2022-03-13T19:18:31Z,494.0,494.0,zx7gnyx7,Dwhatever,Germany,N64,Yes
185,yvredo4z,185,http://www.speedrun.com/sm64/run/yvredo4z,2022-07-17T20:14:00Z,494.0,494.0,y8dz54gj,Maosfx,United States,N64,Yes
186,y88nlw1y,187,http://www.speedrun.com/sm64/run/y88nlw1y,2022-07-12T23:47:45Z,495.0,495.0,5j5gwr68,Speedrun,United States,EMU,Yes
187,zgq230vy,187,http://www.speedrun.com/sm64/run/zgq230vy,2022-09-14T10:00:43Z,495.0,495.0,8g547vyj,RealPrimeSub,United States,EMU,Yes
188,meeqdj9m,187,http://www.speedrun.com/sm64/run/meeqdj9m,2023-04-15T16:13:03Z,495.0,495.0,v8l04qv8,Smurfy,Canada,N64,Yes
189,y863xpnm,187,http://www.speedrun.com/sm64/run/y863xpnm,2023-04-26T16:12:34Z,495.0,495.0,86n94m0x,Joanbros,France,EMU,Yes
190,m3vd7gdz,187,http://www.speedrun.com/sm64/run/m3vd7gdz,2025-04-27T07:14:50Z,495.0,495.0,j2pdvoo8,marisin641996,Japan,N64,Yes
191,z0e5w04m,192,http://www.speedrun.com/sm64/run/z0e5w04m,2017-06-20T05:33:28Z,496.0,496.0,e8e6edj0,GothicLogic,United Kingdom,N64,Yes
192,6yje93md,193,http://www.speedrun.com/sm64/run/6yje93md,,497.0,497.0,,,,N64,Yes
193,z0ov6eoz,193,http://www.speedrun.com/sm64/run/z0ov6eoz,2022-03-29T03:44:32Z,497.0,497.0,98rl4w38,HorrorDoesSpeedRuns,United States,N64,Yes
194,yvr8216z,195,http://www.speedrun.com/sm64/run/yvr8216z,2022-06-08T04:56:36Z,498.0,498.0,qxkovr28,zach,United States,N64,Yes
195,y9vj7nrm,196,http://www.speedrun.com/sm64/run/y9vj7nrm,2022-06-22T02:28:38Z,499.0,499.0,98rv2rdj,Perna64,United States,N64,Yes
196,m3v4v3qz,196,http://www.speedrun.com/sm64/run/m3v4v3qz,2025-09-01T06:24:30Z,499.0,499.0,j2w1w5lj,RONC3NA,United States,N64,Yes
197,7ylpxkmp,198,http://www.speedrun.com/sm64/run/7ylpxkmp,,500.0,500.0,,,,N64,No
198,zpw2n3gy,198,http://www.speedrun.com/sm64/run/zpw2n3gy,2023-06-19T16:58:18Z,500.0,500.0,18q5www8,BigfootTouchedMe,Australia,EMU,Yes
199,zn93948y,198,http://www.speedrun.com/sm64/run/zn93948y,2025-01-03T04:52:54Z,500.0,500.0,x72zygq8,Avasion,United States,N64,Yes
200,z004x74z,198,http://www.speedrun.com/sm64/run/z004x74z,2025-08-31T04:35:52Z,500.0,500.0,j51r39z8,P_Luizon,Mexico,N64,No
201,yvpon8xy,202,http://www.speedrun.com/sm64/run/yvpon8xy,2023-06-18T01:36:17Z,502.0,502.0,pj0mn69x,B1GEY3DPYTH0N,,N64,Yes
202,yoq048jz,202,http://www.speedrun.com/sm64/run/yoq048jz,2025-02-25T10:16:06Z,502.0,502.0,j5q9m3nj,SebMatey,United Kingdom,EMU,Yes
203,pzgjovz2,204,http://www.speedrun.com/sm64/run/pzgjovz2,,503.0,503.0,,,,N64,Yes
204,yoeeo0dz,204,http://www.speedrun.com/sm64/run/yoeeo0dz,2025-08-13T11:26:30Z,503.0,503.0,j2wnprnj,blupee,United States,EMU,Yes
205,9meng9m7,206,http://www.speedrun.com/sm64/run/9meng9m7,2023-10-04T18:54:05Z,504.0,504.0,,,,N64,Yes
206,zgqn38ey,206,http://www.speedrun.com/sm64/run/zgqn38ey,2022-08-01T04:20:58Z,504.0,504.0,v810d5rx,SubmarineCpt,United States,EMU,Yes
207,z05k0jom,208,http://www.speedrun.com/sm64/run/z05k0jom,2020-08-09T05:03:05Z,507.0,507.0,o86q79qx,YobunTeme,Japan,N64,Yes
208,megkw43y,208,http://www.speedrun.com/sm64/run/megkw43y,2024-07-14T19:50:08Z,507.0,507.0,xk3y91m8,ChefNick,United States,VC,Yes
209,ydl700vz,210,http://www.speedrun.com/sm64/run/ydl700vz,2024-11-15T02:44:55Z,508.0,508.0,xyrwkqwj,Yudalol,Canada,N64,Yes
210,melelq2z,211,http://www.speedrun.com/sm64/run/melelq2z,2023-07-08T02:02:07Z,509.0,509.0,8gee0n2j,Doginator,United States,N64,Yes
211,y9d1n12m,212,http://www.speedrun.com/sm64/run/y9d1n12m,2024-08-02T02:06:21Z,511.0,511.0,8wk3k038,Elrevolver385,Germany,VC,Yes
212,z166qk9m,212,http://www.speedrun.com/sm64/run/z166qk9m,2025-08-12T22:19:42Z,511.0,511.0,8dw9eqmj,Logaaaaan64,Australia,N64,Yes
213,yvq5p7xm,214,http://www.speedrun.com/sm64/run/yvq5p7xm,2022-03-07T21:17:19Z,512.0,512.0,18vdp928,FrostySeason,Sweden,N64,Yes
214,y62okl6z,215,http://www.speedrun.com/sm64/run/y62okl6z,2023-07-09T23:09:38Z,513.0,513.0,joo4ykej,Battaflai,Germany,EMU,Yes
215,zqv68e9m,216,http://www.speedrun.com/sm64/run/zqv68e9m,2021-07-31T18:22:24Z,515.0,515.0,7j43q6w8,JayBeanz,United States,N64,Yes
216,mk4w3dvy,217,http://www.speedrun.com/sm64/run/mk4w3dvy,2018-02-20T21:46:22Z,516.0,516.0,kjp9p28q,Sigotu,Poland,EMU,Yes
217,y65kdn1z,217,http://www.speedrun.com/sm64/run/y65kdn1z,2020-08-31T05:20:59Z,516.0,516.0,qxkk329x,JCoolEdge,South Korea,EMU,Yes
218,z52eo05z,219,http://www.speedrun.com/sm64/run/z52eo05z,2022-06-07T02:13:44Z,517.0,517.0,8qz5qoq8,BizzareScape,Mexico,N64,Yes
219,nz1lov9m,220,http://www.speedrun.com/sm64/run/nz1lov9m,2016-06-07T09:37:48Z,518.0,518.0,18vkpkyj,KobrahCJ,United States,N64,Yes
220,z0xv1d4z,220,http://www.speedrun.com/sm64/run/z0xv1d4z,2024-02-07T11:54:12Z,518.0,518.0,x3mndr28,Nico2718,Italy,VC,Yes
221,yo097v5y,220,http://www.speedrun.com/sm64/run/yo097v5y,2024-03-20T23:54:25Z,518.0,518.0,xyrkgynj,Jando112,Germany,EMU,Yes
222,zqj8nv9m,223,http://www.speedrun.com/sm64/run/zqj8nv9m,2023-07-23T19:19:13Z,519.0,519.0,jn9qe22x,Famin,United States,EMU,Yes
223,yj96k47z,223,http://www.speedrun.com/sm64/run/yj96k47z,2024-07-31T22:40:56Z,519.0,519.0,8e6qyddj,Salemba,Austria,N64,Yes
224,zx3l97ez,225,http://www.speedrun.com/sm64/run/zx3l97ez,2023-06-19T17:33:29Z,521.0,521.0,863k2ww8,MeepJeep,Germany,N64,Yes
225,dy4wv2qm,226,http://www.speedrun.com/sm64/run/dy4wv2qm,2015-06-17T07:18:19Z,523.0,523.0,68wwn48g,Mitagi,Japan,N64,Yes
226,zglnr5dm,227,http://www.speedrun.com/sm64/run/zglnr5dm,2024-02-20T02:00:05Z,524.0,524.0,8lpv62lj,Kzwbz,Valhalla,EMU,Yes
227,zgo44jdm,228,http://www.speedrun.com/sm64/run/zgo44jdm,2024-11-26T08:31:04Z,525.0,525.0,8l46gmvj,funzonetwilight,United States,N64,Yes
228,y4lrl1dz,229,http://www.speedrun.com/sm64/run/y4lrl1dz,2024-08-15T04:26:51Z,526.0,526.0,kj9novo8,MathsVlog,United States,EMU,Yes
229,m328q3wy,229,http://www.speedrun.com/sm64/run/m328q3wy,2026-01-29T17:41:51Z,526.0,526.0,8r1kky3j,ramunesakusan,Japan,VC,Yes
230,y2rerd9m,231,http://www.speedrun.com/sm64/run/y2rerd9m,2025-12-09T05:23:50Z,528.0,528.0,8q5m1vw8,MiriSpeedruns,United States,N64,Yes
231,y9v662nm,232,http://www.speedrun.com/sm64/run/y9v662nm,2022-06-09T14:34:31Z,530.0,530.0,8l02n628,mojopug,Spain,EMU,Yes
232,y2pggk9z,232,http://www.speedrun.com/sm64/run/y2pggk9z,2022-06-15T03:53:48Z,530.0,530.0,xk4rk32j,Tankfird,United States,EMU,Yes
233,mr50pp2y,234,http://www.speedrun.com/sm64/run/mr50pp2y,2026-01-15T17:33:05Z,532.0,532.0,8go0g47x,Poloms,France,N64,Yes
234,y4l138kz,235,http://www.speedrun.com/sm64/run/y4l138kz,2024-07-22T00:46:28Z,533.0,533.0,8en063p8,Prismatic_Fast,United States,EMU,Yes
235,z5k42kjz,236,http://www.speedrun.com/sm64/run/z5k42kjz,2024-01-28T10:35:58Z,534.0,534.0,j26ewg7x,Littlezombie,China,EMU,Yes
236,9yoqx7zx,237,http://www.speedrun.com/sm64/run/9yoqx7zx,,536.0,536.0,dx35r2jl,exe,Germany,N64,Yes
237,y9lk11ey,238,http://www.speedrun.com/sm64/run/y9lk11ey,2022-02-07T04:03:26Z,537.0,537.0,8qzwgr78,toilet64_,United States,N64,Yes
238,y4e3v6km,239,http://www.speedrun.com/sm64/run/y4e3v6km,2020-09-25T07:00:23Z,539.0,539.0,qjn6qqqx,bann_jpn,Japan,N64,Yes
239,m3r43jqm,240,http://www.speedrun.com/sm64/run/m3r43jqm,2021-07-11T20:15:14Z,540.0,540.0,jo3o7dej,456Productions,United States,EMU,Yes
240,yjddnp7y,240,http://www.speedrun.com/sm64/run/yjddnp7y,2022-09-14T00:28:43Z,540.0,540.0,pj0eny48,scoagogo,Northern Ireland,EMU,Yes
241,yo34jl0y,242,http://www.speedrun.com/sm64/run/yo34jl0y,2020-09-12T19:50:45Z,542.0,542.0,dx394zkx,max25,England,N64,Yes
242,8y8vg1wz,243,http://www.speedrun.com/sm64/run/8y8vg1wz,2015-09-09T12:14:31Z,543.0,543.0,zx7q2pv8,Beck,United States,N64,Yes
243,yvq5ro8m,244,http://www.speedrun.com/sm64/run/yvq5ro8m,2022-03-07T00:53:13Z,546.0,546.0,863719q8,BananilsonFarofa,Brazil,EMU,Yes
244,yj1x767y,245,http://www.speedrun.com/sm64/run/yj1x767y,2021-02-15T15:18:40Z,549.0,549.0,98rrd381,srb,Germany,N64,Yes
245,yw3p38nm,245,http://www.speedrun.com/sm64/run/yw3p38nm,2022-04-16T21:44:31Z,549.0,549.0,kj90merj,FinnTyph,United States,N64,Yes
246,z52g2x5z,245,http://www.speedrun.com/sm64/run/z52g2x5z,2022-06-27T22:19:31Z,549.0,549.0,18qk2m78,DentoriousRed,United States,N64,Yes
247,y2pke6jz,248,http://www.speedrun.com/sm64/run/y2pke6jz,2022-06-19T21:43:53Z,550.0,550.0,8vkqwknj,GroundPoundGary,United States,EMU,Yes
248,wzpkx8yq,249,http://www.speedrun.com/sm64/run/wzpkx8yq,,551.0,551.0,,,,N64,Yes
249,pydvlwyn,250,http://www.speedrun.com/sm64/run/pydvlwyn,,553.0,553.0,,,,N64,No
250,yvgnkroy,251,http://www.speedrun.com/sm64/run/yvgnkroy,2018-02-17T11:33:42Z,558.0,558.0,,,,N64,No
251,yvrv04ez,252,http://www.speedrun.com/sm64/run/yvrv04ez,2022-06-19T19:14:55Z,559.0,559.0,xkmp5p7j,Puxel64,,EMU,Yes
252,zq78k3rm,252,http://www.speedrun.com/sm64/run/zq78k3rm,2022-06-21T22:44:04Z,559.0,559.0,8g5772rj,Semaa,Bosnia and Herzegovina,EMU,Yes
253,y80d3jdm,254,http://www.speedrun.com/sm64/run/y80d3jdm,2023-01-11T15:46:55Z,563.0,563.0,zx7dz1vx,AlejoWasHere,Spain,EMU,Yes
254,z0jrk44y,254,http://www.speedrun.com/sm64/run/z0jrk44y,2023-06-12T20:10:08Z,563.0,563.0,xz06gme8,RxCursed,Colombia,EMU,Yes
255,me97n82z,256,http://www.speedrun.com/sm64/run/me97n82z,2021-02-07T20:33:13Z,564.0,564.0,86v01k5j,camgibb,United States,EMU,Yes
256,me3ok5qz,257,http://www.speedrun.com/sm64/run/me3ok5qz,2022-04-26T13:23:20Z,566.0,566.0,qxkvqp2j,PKT_S,France,N64,Yes
257,z5g92ogm,258,http://www.speedrun.com/sm64/run/z5g92ogm,2024-11-23T00:11:26Z,567.0,567.0,v81k2epj,VisionElf,France,EMU,Yes
258,y6el826z,259,http://www.speedrun.com/sm64/run/y6el826z,2024-07-25T17:57:54Z,570.0,570.0,7j4rz5m8,TheBarinade,Australia,N64,Yes
259,y4kv1pdm,260,http://www.speedrun.com/sm64/run/y4kv1pdm,2024-01-21T14:22:18Z,571.0,571.0,xz27094x,Sadr,France,EMU,Yes
260,m7nropwz,260,http://www.speedrun.com/sm64/run/m7nropwz,2024-07-03T18:51:23Z,571.0,571.0,jm3ymoo8,Its_CircleZ,United States,N64,Yes
261,mkwww2lm,262,http://www.speedrun.com/sm64/run/mkwww2lm,2025-08-14T06:50:42Z,574.0,574.0,jprg1g58,eave,,N64,Yes
262,mk95pnlz,263,http://www.speedrun.com/sm64/run/mk95pnlz,2018-09-27T05:29:05Z,575.0,575.0,kjp9nvk8,fazerlazer80,United States,N64,Yes
263,mre9px2y,263,http://www.speedrun.com/sm64/run/mre9px2y,2019-07-31T08:44:11Z,575.0,575.0,e8e3m7j0,imglower,United States,N64,Yes
264,y887lj1y,263,http://www.speedrun.com/sm64/run/y887lj1y,2022-07-25T05:19:57Z,575.0,575.0,7j4o0lm8,BEACHBUM,,N64,Yes
265,zn1kp89m,266,http://www.speedrun.com/sm64/run/zn1kp89m,2021-04-28T12:19:24Z,576.0,576.0,j2yzn568,gamer_nl,Netherlands,EMU,Yes
266,z0je66jy,267,http://www.speedrun.com/sm64/run/z0je66jy,2023-05-01T08:10:14Z,586.0,586.0,8geyv5pj,Jake64,United States,N64,Yes
267,yj21o73m,267,http://www.speedrun.com/sm64/run/yj21o73m,2023-06-05T22:46:26Z,586.0,586.0,j4q1vpwx,shadowbear,Canada,N64,Yes
268,z5pdrknm,269,http://www.speedrun.com/sm64/run/z5pdrknm,2023-06-15T18:26:51Z,594.0,594.0,8r2ngoqx,reallifebutters,United States,N64,Yes
269,y28rnw9y,270,http://www.speedrun.com/sm64/run/y28rnw9y,2025-08-19T20:59:03Z,595.0,595.0,1xyerv8r,Bobbykaze,Canada,N64,Yes
270,z08gj94m,271,http://www.speedrun.com/sm64/run/z08gj94m,2025-04-10T16:42:41Z,597.0,597.0,8ee7z5p8,Freazun,France,EMU,Yes
271,mkqnvplm,272,http://www.speedrun.com/sm64/run/mkqnvplm,2024-01-28T19:59:32Z,600.0,600.0,8vok3myx,Gritich,Esperanto,EMU,Yes
272,m79wxn9y,273,http://www.speedrun.com/sm64/run/m79wxn9y,2017-10-03T13:04:02Z,606.0,606.0,dx35v6ej,MrMeanMoustache,Netherlands,N64,Yes
273,y40wd3qz,273,http://www.speedrun.com/sm64/run/y40wd3qz,2025-10-24T15:23:54Z,606.0,606.0,j9kgpnv8,whataturtle,United States,N64,Yes
274,m7nre80z,275,http://www.speedrun.com/sm64/run/m7nre80z,2024-07-03T23:45:43Z,613.0,613.0,xk3md7m8,The_H_Pandin,Spain,EMU,Yes
275,yl4v6pnm,276,http://www.speedrun.com/sm64/run/yl4v6pnm,2018-08-12T23:17:53Z,614.0,614.0,68wgmkvx,Busbyy,Northern Ireland,N64,Yes
276,y998x1ky,276,http://www.speedrun.com/sm64/run/y998x1ky,2021-06-10T00:57:53Z,614.0,614.0,8ge9k0rj,ryompt,United States,EMU,Yes
277,zq89xl8z,276,http://www.speedrun.com/sm64/run/zq89xl8z,2024-04-25T03:12:28Z,614.0,614.0,8d0125lx,Vipexx64,Germany,EMU,Yes
278,mrqv90dy,279,http://www.speedrun.com/sm64/run/mrqv90dy,2018-01-14T19:41:30Z,630.0,630.0,1xyo4enj,chlidlunk,France,VC,Yes
279,jy9pdvm4,280,http://www.speedrun.com/sm64/run/jy9pdvm4,,635.0,635.0,,,,N64,Yes
280,y21rj95z,281,http://www.speedrun.com/sm64/run/y21rj95z,2020-02-04T07:59:38Z,636.0,636.0,qj2l346x,TheSimplePotato,United States,EMU,Yes
281,mkw61rxm,282,http://www.speedrun.com/sm64/run/mkw61rxm,2025-09-07T19:29:11Z,639.0,639.0,j2q3k47j,Altaria26,United Kingdom,EMU,Yes
282,dy4n7qml,283,http://www.speedrun.com/sm64/run/dy4n7qml,2024-04-17T14:37:08Z,640.0,640.0,,,,EMU,No
283,yvqkno6m,284,http://www.speedrun.com/sm64/run/yvqkno6m,2022-03-20T05:26:14Z,648.0,648.0,jn3kg62x,GregoTheGreatest,United States,N64,Yes
284,yop36p7m,285,http://www.speedrun.com/sm64/run/yop36p7m,2022-05-03T18:35:36Z,655.0,655.0,xz79p1nj,tanepota,Japan,N64,Yes
285,mrk7x62y,286,http://www.speedrun.com/sm64/run/mrk7x62y,2020-06-09T19:29:34Z,657.0,657.0,v81eydrj,Minelover,United States,EMU,Yes
286,nz1vngze,287,http://www.speedrun.com/sm64/run/nz1vngze,,664.0,664.0,,,,N64,No
287,me2dn19m,288,http://www.speedrun.com/sm64/run/me2dn19m,2025-08-25T23:16:31Z,665.0,665.0,j0gp1q4x,Woissil,France,EMU,Yes
288,ywrjegnm,289,http://www.speedrun.com/sm64/run/ywrjegnm,2023-06-19T18:16:58Z,667.0,667.0,98rzr0gx,Shadow64,United Kingdom,N64,Yes
289,z51179em,290,http://www.speedrun.com/sm64/run/z51179em,2018-06-25T20:13:34Z,669.0,669.0,18vr2m5x,GameShark,Netherlands,N64,Yes
290,y6n47w6z,291,http://www.speedrun.com/sm64/run/y6n47w6z,2022-03-16T14:58:27Z,670.0,670.0,86nz1n0x,3DMan06,Germany,EMU,No
291,yvpxwd6y,291,http://www.speedrun.com/sm64/run/yvpxwd6y,2023-07-29T09:12:07Z,670.0,670.0,8w1rr94x,sanj,Canada,EMU,Yes
292,yw1w733z,293,http://www.speedrun.com/sm64/run/yw1w733z,2018-02-17T11:36:01Z,678.0,678.0,,,,N64,No
293,1zqpv9ml,294,http://www.speedrun.com/sm64/run/1zqpv9ml,,681.0,681.0,v8lo348m,Pokeblok,New Zealand,EMU,Yes
294,m7og5xwy,295,http://www.speedrun.com/sm64/run/m7og5xwy,2024-07-27T21:48:28Z,689.0,689.0,j03l129j,Meader,United States,N64,Yes
295,emko1vz6,296,http://www.speedrun.com/sm64/run/emko1vz6,,693.0,693.0,kjp6pz58,Gana64,Japan,N64,No
296,z12e2pjy,296,http://www.speedrun.com/sm64/run/z12e2pjy,2022-03-24T09:37:44Z,693.0,693.0,8r7zwndj,Ayushman4321,India,EMU,Yes
297,zq05dd1y,298,http://www.speedrun.com/sm64/run/zq05dd1y,2022-03-08T00:34:16Z,696.0,696.0,18q6w4wj,Waterbird165,United States,N64,Yes
298,zn7669vm,298,http://www.speedrun.com/sm64/run/zn7669vm,2022-03-15T03:47:56Z,696.0,696.0,j0vkm73x,druz,United States,EMU,Yes
299,yjed6rom,300,http://www.speedrun.com/sm64/run/yjed6rom,2025-02-03T13:51:06Z,701.0,701.0,8w0g1glj,yaranaioo13,Japan,VC,Yes
300,yj7poeny,301,http://www.speedrun.com/sm64/run/yj7poeny,2025-12-01T02:48:06Z,707.0,707.0,xk3ddzm8,lazycaps,United States,N64,Yes
301,y4j7gqqy,302,http://www.speedrun.com/sm64/run/y4j7gqqy,2025-01-19T09:14:51Z,709.0,709.0,8qrrp27j,TedFeds,United States,EMU,Yes
302,mr1lj5dz,303,http://www.speedrun.com/sm64/run/mr1lj5dz,2021-06-07T21:40:40Z,720.0,720.0,8l0g37v8,dokokoko,,EMU,Yes
303,6yj25p7m,304,http://www.speedrun.com/sm64/run/6yj25p7m,2016-06-11T15:51:30Z,722.0,722.0,qxk40p9j,Kiriplant,Australia,VC,Yes
304,mk0ollxz,305,http://www.speedrun.com/sm64/run/mk0ollxz,2023-07-29T09:50:38Z,734.0,734.0,81qrwmpj,Aslan61,Germany,N64,Yes
305,mk8nxr3m,306,http://www.speedrun.com/sm64/run/mk8nxr3m,2021-01-04T06:08:20Z,742.0,742.0,jmpl1doj,GnarlyBobMarley,United States,N64,No
306,z051n58m,307,http://www.speedrun.com/sm64/run/z051n58m,2020-04-19T16:31:41Z,747.0,747.0,qxkz2mmx,simesaba0708,Japan,N64,Yes
307,y281569y,308,http://www.speedrun.com/sm64/run/y281569y,2025-05-09T19:51:28Z,768.0,768.0,xkp9696j,Carlo64,Norway,N64,Yes
308,9mr0x2mq,309,http://www.speedrun.com/sm64/run/9mr0x2mq,,778.0,778.0,,,,N64,Yes
309,zqp5k28m,310,http://www.speedrun.com/sm64/run/zqp5k28m,2025-08-15T20:35:21Z,785.0,785.0,jp4q645j,GoodGrieth,,N64,Yes
310,m723dn9z,311,http://www.speedrun.com/sm64/run/m723dn9z,2023-02-22T11:48:21Z,787.0,787.0,x3349pqx,yuniruyuni,Japan,VC,Yes
311,y6jwvdjm,312,http://www.speedrun.com/sm64/run/y6jwvdjm,2025-08-25T09:55:48Z,795.0,795.0,8l35dzl8,KalasLawliet,France,N64,Yes
312,mrl623gm,313,http://www.speedrun.com/sm64/run/mrl623gm,2023-06-23T01:46:56Z,796.0,796.0,86vm37pj,sevenyoshi,United States,N64,Yes
313,kz5pgkjm,314,http://www.speedrun.com/sm64/run/kz5pgkjm,2016-06-23T21:07:22Z,799.0,799.0,kj96o2nj,bluntslide42,United States,VC,Yes
314,zpk85dvy,315,http://www.speedrun.com/sm64/run/zpk85dvy,2025-01-20T22:58:23Z,811.0,811.0,8qr5nl0j,SullyLikesBigChungus,United States,EMU,Yes
315,z1lr7egm,316,http://www.speedrun.com/sm64/run/z1lr7egm,2023-06-12T20:14:55Z,814.0,814.0,8q316z7j,dista,United States,N64,Yes
316,y6qlpgpz,317,http://www.speedrun.com/sm64/run/y6qlpgpz,2023-09-24T20:57:45Z,815.0,815.0,81m4wnq8,LameOH,United States,EMU,Yes
317,1zxjxqyx,318,http://www.speedrun.com/sm64/run/1zxjxqyx,,817.0,817.0,,,,N64,No
318,y230r29m,319,http://www.speedrun.com/sm64/run/y230r29m,2017-10-09T22:46:21Z,825.0,825.0,7j4075l8,DFGBen,Germany,VC,Yes
319,mrl4wg7m,320,http://www.speedrun.com/sm64/run/mrl4wg7m,2023-06-07T06:41:56Z,830.0,830.0,xy5g6zv8,Nation_LIVE,United States,N64,Yes
320,y6jjplpm,321,http://www.speedrun.com/sm64/run/y6jjplpm,2025-08-10T07:47:36Z,843.0,843.0,jn29o0wj,NMSpeedruns,United States,VC,Yes
321,zgedl2ny,322,http://www.speedrun.com/sm64/run/zgedl2ny,2023-06-23T04:28:12Z,857.0,857.0,j20qnrlx,MrFroggy,United States,EMU,Yes
322,yjx7ngnz,323,http://www.speedrun.com/sm64/run/yjx7ngnz,2022-03-10T04:47:08Z,891.0,891.0,jp4y0g2j,ooferboi_69,United States,N64,Yes
323,zx39x7ez,324,http://www.speedrun.com/sm64/run/zx39x7ez,2023-04-28T00:45:13Z,897.0,897.0,x3qm31kj,ARCANELOUS,Switzerland,N64,Yes
324,z0ok0oez,325,http://www.speedrun.com/sm64/run/z0ok0oez,2022-03-08T23:20:42Z,918.0,918.0,8gee7n7j,LxqZach,Germany,N64,Yes
325,zpx0wdvm,326,http://www.speedrun.com/sm64/run/zpx0wdvm,2024-07-19T14:41:09Z,1006.0,1006.0,8g51pypj,LinuxHater,Spain,EMU,Yes
326,m7o5no5y,327,http://www.speedrun.com/sm64/run/m7o5no5y,2024-08-04T05:16:08Z,1034.0,1034.0,8q34l9oj,LFoxy,,N64,Yes
327,kz5lggyr,328,http://www.speedrun.com/sm64/run/kz5lggyr,,1041.0,1041.0,,,,N64,No
328,mk145ely,329,http://www.speedrun.com/sm64/run/mk145ely,2024-07-13T04:11:40Z,1046.0,1046.0,18q3y4oj,Saria_100,United States,N64,Yes
329,ylp34l3m,330,http://www.speedrun.com/sm64/run/ylp34l3m,2024-11-27T05:24:33Z,1061.0,1061.0,86vmlw5j,Clanner_,Canada,VC,Yes
330,yd4jjxjy,331,http://www.speedrun.com/sm64/run/yd4jjxjy,2025-07-15T08:20:42Z,1098.0,1098.0,18v747n8,Bubzia,Germany,VC,No
331,m300dd4m,332,http://www.speedrun.com/sm64/run/m300dd4m,2024-05-12T22:16:32Z,1202.0,1202.0,zxzz9vex,Scrimsion,United States,EMU,Yes
332,zq79dprm,333,http://www.speedrun.com/sm64/run/zq79dprm,2022-06-04T22:53:04Z,1388.0,1388.0,0jmw6wex,Bombs,United States,N64,Yes
333,0y6n316z,334,http://www.speedrun.com/sm64/run/0y6n316z,2016-01-03T07:24:11Z,1474.0,1474.0,zxz97kn8,Drogie,Switzerland,N64,Yes
334,y48vvxdm,335,http://www.speedrun.com/sm64/run/y48vvxdm,2022-03-15T02:33:02Z,1481.0,1481.0,8qrldp7j,Amahumahaba,United States,N64,Yes
335,mk0k4w3z,336,http://www.speedrun.com/sm64/run/mk0k4w3z,2023-06-25T10:17:59Z,1501.0,1501.0,8dw231lj,Snepy,Chile,N64,Yes
336,y8jn8gnz,337,http://www.speedrun.com/sm64/run/y8jn8gnz,2022-03-07T03:05:31Z,1508.0,1508.0,j03z503j,Taki,Canada,N64,No
337,yw4jx19z,338,http://www.speedrun.com/sm64/run/yw4jx19z,2019-09-21T02:59:53Z,1576.0,1576.0,qj2rw3ox,iZePlayz,Germany,EMU,Yes
338,m3vvvxqz,339,http://www.speedrun.com/sm64/run/m3vvvxqz,2025-08-14T10:19:16Z,1739.0,1739.0,jo1oy1ex,yellowdice,Australia,EMU,Yes
339,zxl5e7qz,340,http://www.speedrun.com/sm64/run/zxl5e7qz,2022-03-10T05:53:48Z,2368.0,2368.0,j92zg478,Bailey_sm64,United States,N64,Yes
340,mk0gn81z,341,http://www.speedrun.com/sm64/run/mk0gn81z,2023-06-13T02:58:50Z,2600.0,2600.0,7j4975w8,mashSRL,Germany,N64,Yes
341,y4gp7w3y,342,http://www.speedrun.com/sm64/run/y4gp7w3y,2023-04-18T17:01:46Z,2706.0,2706.0,qxk59y7x,KingToad64,France,EMU,No
342,me3elj9z,343,http://www.speedrun.com/sm64/run/me3elj9z,2022-06-09T20:50:07Z,2863.0,2863.0,j5vgmmg8,Hendyman,Germany,EMU,Yes
343,y9lwvwny,344,http://www.speedrun.com/sm64/run/y9lwvwny,2022-03-07T03:08:25Z,2969.0,2969.0,1xyky4n8,thags15,United States,N64,Yes
344,y60x381y,345,http://www.speedrun.com/sm64/run/y60x381y,2022-06-02T04:20:23Z,3877.0,3877.0,kjpoery8,Falcon,Canada,N64,Yes
345,ydgxv7qy,346,http://www.speedrun.com/sm64/run/ydgxv7qy,2023-04-08T14:45:58Z,4368.0,4368.0,zxzpmmnj,MiT_Epona,South Korea,N64,Yes
346,z11970jz,347,http://www.speedrun.com/sm64/run/z11970jz,2019-01-19T00:37:39Z,4469.0,4469.0,zxznzp0x,SmallAnt,Canada,N64,Yes
347,m722564z,348,http://www.speedrun.com/sm64/run/m722564z,2023-02-10T20:21:34Z,5265.0,5265.0,j0n10kw8,jaquarium,United States,N64,Yes
348,y2n9e8jy,349,http://www.speedrun.com/sm64/run/y2n9e8jy,2024-11-30T05:05:46Z,6479.0,6479.0,8rp6e3dj,ThePKing,United States,VC,Yes
349,m362v0dm,350,http://www.speedrun.com/sm64/run/m362v0dm,2022-03-09T00:49:43Z,6545.0,6545.0,1xy1oozx,ringo792,United States,N64,Yes
350,m33lv24m,351,http://www.speedrun.com/sm64/run/m33lv24m,2022-06-11T00:58:41Z,8827.0,8827.0,j4rlpz58,Gloupi,Switzerland,VC,Yes
