,id,place,speedrun_link,submitted_date,primary_time_seconds,real_time_seconds,player_id,player_name,player_country,platform,verified
0,z0k8qe9m,1,http://www.speedrun.com/sm64/run/z0k8qe9m,2026-01-14T03:03:59Z,413.68,413.68,jn32931x,Suigi,Canada,N64,Yes
1,me20pn8m,2,http://www.speedrun.com/sm64/run/me20pn8m,2025-07-22T10:45:45Z,419.41,419.41,8wkzer38,Parsee02,Japan,N64,Yes
2,z0kpxvem,3,http://www.speedrun.com/sm64/run/z0kpxvem,2025-11-30T22:39:09Z,419.96,419.96,qj2rklpx,cjrokokomero,Italy,N64,Yes
3,z5lgrjgy,4,http://www.speedrun.com/sm64/run/z5lgrjgy,2025-03-04T04:13:41Z,422.98,422.98,18q652oj,Poke,United States,N64,Yes
4,y6g3g5jm,5,http://www.speedrun.com/sm64/run/y6g3g5jm,2024-12-01T18:34:11Z,423.32,423.32,kjprmwk8,Weegee,United States,N64,Yes
5,y4orrgnz,6,http://www.speedrun.com/sm64/run/y4orrgnz,2023-06-10T00:59:43Z,423.96,423.96,8vkrw22j,Tag609,United States,N64,Yes
6,y28k1k5y,7,http://www.speedrun.com/sm64/run/y28k1k5y,2025-07-18T17:19:16Z,424.13,424.13,xkmnnmmj,ZUMMI,Italy,EMU,Yes
7,y8gl8lxz,8,http://www.speedrun.com/sm64/run/y8gl8lxz,2025-08-24T09:07:05Z,425.09,425.09,xkzm1z9x,MmaARriOy_,Japan,N64,Yes
8,yoeord7z,9,http://www.speedrun.com/sm64/run/yoeord7z,2025-07-20T03:09:26Z,425.3,425.3,86nnlvqx,Banova8,France,N64,Yes
9,mrd1k44z,10,http://www.speedrun.com/sm64/run/mrd1k44z,2025-06-06T00:39:18Z,425.5,425.5,j2www16j,treybordo,United States,N64,Yes
10,z123gpjy,11,http://www.speedrun.com/sm64/run/z123gpjy,2021-12-08T13:57:56Z,427.32,427.32,7j40gpw8,tokumeiR,Antarctica,N64,Yes
11,y6opvvqy,12,http://www.speedrun.com/sm64/run/y6opvvqy,2022-12-14T21:31:32Z,431.83,431.83,j4rpn7d8,Nils,Sweden,N64,Yes
12,z1o1xewm,13,http://www.speedrun.com/sm64/run/z1o1xewm,2020-09-21T09:08:41Z,431.93,431.93,kj92gmv8,Dowsky,United States,N64,Yes
13,ylj51okm,14,http://www.speedrun.com/sm64/run/ylj51okm,2025-08-18T07:27:59Z,434.33,434.33,48gqo07j,darkdog47,United States,N64,Yes
14,zglp6xjm,15,http://www.speedrun.com/sm64/run/zglp6xjm,2024-04-17T15:00:21Z,434.7,434.7,xk3nmqk8,DuckTapeDuck,,EMU,Yes
15,z1qw6k7y,16,http://www.speedrun.com/sm64/run/z1qw6k7y,2023-04-21T19:09:44Z,436.9,436.9,jmolpwo8,Raisn,Germany,EMU,Yes
16,zn99ek9y,17,http://www.speedrun.com/sm64/run/zn99ek9y,2025-03-11T13:20:21Z,436.93,436.93,kj9z6pn8,Sunnard,France,EMU,Yes
17,y88gnw1y,18,http://www.speedrun.com/sm64/run/y88gnw1y,2022-07-08T16:53:37Z,438.17,438.17,x353dr7j,Finnii602,Germany,VC,Yes
18,y4g4wlny,19,http://www.speedrun.com/sm64/run/y4g4wlny,2023-04-05T05:25:49Z,439.63,439.63,zxzn3w9x,spener1122,Canada,N64,Yes
19,yo5ono7z,20,http://www.speedrun.com/sm64/run/yo5ono7z,2025-12-27T15:26:57Z,441.0,441.0,18qowewj,Majoog,South Korea,N64,Yes
20,zxx8pgez,21,http://www.speedrun.com/sm64/run/zxx8pgez,2024-09-07T08:20:38Z,441.46,441.46,8ew0dk28,NotGorilla,Sweden,EMU,Yes
21,1zqqv85z,22,http://www.speedrun.com/sm64/run/1zqqv85z,2016-09-18T16:55:30Z,441.57,441.57,o866w58z,Xiah,Japan,N64,Yes
22,y40qnnqz,23,http://www.speedrun.com/sm64/run/y40qnnqz,2025-12-02T00:40:53Z,442.06,442.06,8v06pg5x,MILO218GX,Venezuela,EMU,Yes
23,y98xw7ez,24,http://www.speedrun.com/sm64/run/y98xw7ez,2023-07-04T04:15:27Z,442.33,442.33,qxkqkmmx,xandrey,Costa Rica,N64,Yes
24,yw2504py,25,http://www.speedrun.com/sm64/run/yw2504py,2025-08-17T04:21:51Z,442.36,442.36,xzlelze8,xWicko,Australia,N64,Yes
25,ydoeogvz,26,http://www.speedrun.com/sm64/run/ydoeogvz,2025-11-19T12:28:03Z,442.8,442.8,1xy05zjr,turara32767,Japan,N64,Yes
26,y60w92qy,27,http://www.speedrun.com/sm64/run/y60w92qy,2022-07-15T10:12:05Z,443.5,443.5,xyrqdwmj,Zhilkan,Spain,EMU,Yes
27,yvp1kg4y,28,http://www.speedrun.com/sm64/run/yvp1kg4y,2023-06-13T01:48:28Z,443.63,443.63,j0324nmj,MrDasho,Ecuador,EMU,Yes
28,m3vx2ndz,29,http://www.speedrun.com/sm64/run/m3vx2ndz,2025-07-04T12:16:27Z,444.55,444.55,8r2w1n3x,Kinosura,France,N64,Yes
29,m3lqpggm,30,http://www.speedrun.com/sm64/run/m3lqpggm,2023-02-20T16:22:56Z,444.98,444.98,jnz2ykqj,ShaDowSPoweR,France,EMU,Yes
30,y8g50lwz,31,http://www.speedrun.com/sm64/run/y8g50lwz,2025-09-14T23:04:40Z,445.88,445.88,81q1oq5j,Ian_1243,Peru,N64,Yes
31,zg9q9o0m,32,http://www.speedrun.com/sm64/run/zg9q9o0m,2025-12-09T11:21:49Z,445.89,445.89,8w139m3x,oatslice,Australia,N64,Yes
32,zgl68dvm,33,http://www.speedrun.com/sm64/run/zgl68dvm,2024-06-02T21:05:01Z,445.98,445.98,8d35ly5x,RetroTorpedo,Germany,EMU,Yes
33,ywnrdppy,34,http://www.speedrun.com/sm64/run/ywnrdppy,2023-12-08T02:58:25Z,446.01,446.01,pj0l653j,FailmanFlo,Germany,N64,Yes
34,zpqoovry,35,http://www.speedrun.com/sm64/run/zpqoovry,2018-03-01T16:50:32Z,446.94,446.94,,,,N64,Yes
35,zn2nl0lz,36,http://www.speedrun.com/sm64/run/zn2nl0lz,2024-06-29T01:58:30Z,447.13,447.13,7j47lplj,dumpdome64,United States,EMU,Yes
36,ywrq45nm,37,http://www.speedrun.com/sm64/run/ywrq45nm,2023-06-09T02:39:38Z,447.91,447.91,0jm36qe8,Xein64,Germany,N64,Yes
37,mk1434xy,38,http://www.speedrun.com/sm64/run/mk1434xy,2024-07-12T05:12:07Z,448.05,448.05,jm3lqln8,Mauir,Chile,EMU,Yes
38,z0n2q2om,39,http://www.speedrun.com/sm64/run/z0n2q2om,2023-04-02T00:53:47Z,448.43,448.43,81611olx,phyxius6,United States,N64,Yes
39,yd09orqz,40,http://www.speedrun.com/sm64/run/yd09orqz,2020-10-23T08:51:53Z,448.44,448.44,5j52dgqj,lunarjump,United States,N64,Yes
40,mregpkdy,41,http://www.speedrun.com/sm64/run/mregpkdy,2020-03-12T16:56:55Z,448.48,448.48,dx35yzej,TriforceTK,United States,EMU,Yes
41,y8pqen5z,42,http://www.speedrun.com/sm64/run/y8pqen5z,2024-07-13T07:43:11Z,448.7,448.7,98rky4qx,BigCheese,United States,VC,Yes
42,yl463o3m,43,http://www.speedrun.com/sm64/run/yl463o3m,2018-12-05T22:18:36Z,448.78,448.78,0jml0zy8,akki,Japan,N64,Yes
43,m7vxn05m,44,http://www.speedrun.com/sm64/run/m7vxn05m,2025-12-08T02:45:22Z,449.78,449.78,jm0wk0y8,Kayleee,Canada,N64,Yes
44,z17qvegz,45,http://www.speedrun.com/sm64/run/z17qvegz,2025-12-16T00:25:35Z,449.91,449.91,864vnd5j,Louis64,Germany,N64,Yes
45,y6g0wk1m,46,http://www.speedrun.com/sm64/run/y6g0wk1m,2025-02-01T15:02:01Z,451.2,451.2,8lr0m1v8,Avatar,United States,N64,Yes
46,m701p55y,47,http://www.speedrun.com/sm64/run/m701p55y,2023-04-23T17:57:37Z,451.43,451.43,jp47de4j,lerrythelobtser,Canada,N64,Yes
47,z5kv44ez,48,http://www.speedrun.com/sm64/run/z5kv44ez,2023-11-13T06:59:42Z,451.63,451.63,8qo0gd7j,Jfox,,N64,Yes
48,y41ok62y,49,http://www.speedrun.com/sm64/run/y41ok62y,2019-11-20T20:14:40Z,452.03,452.03,7j4mzd5j,Thomkar,Norway,EMU,Yes
49,y485xxkm,50,http://www.speedrun.com/sm64/run/y485xxkm,2021-12-08T14:31:42Z,452.45,452.45,j2ylqn68,Karin,Japan,N64,Yes
50,yw24p39y,51,http://www.speedrun.com/sm64/run/yw24p39y,2025-05-09T01:20:13Z,452.53,452.53,xkp9696j,Carlo64,Norway,N64,Yes
51,zn5p7g3z,52,http://www.speedrun.com/sm64/run/zn5p7g3z,2025-11-30T00:31:01Z,452.6,452.6,j95g2ov8,Sunflower_,United States,EMU,No
52,mkoq7rlz,53,http://www.speedrun.com/sm64/run/mkoq7rlz,2025-02-20T23:16:33Z,452.66,452.66,8enge328,BenedictFleur123,Netherlands,EMU,Yes
53,ylnd4qxz,54,http://www.speedrun.com/sm64/run/ylnd4qxz,2023-02-26T21:30:14Z,452.93,452.93,8wlk4n4j,Kaimatix,England,N64,Yes
54,mew9o20m,55,http://www.speedrun.com/sm64/run/mew9o20m,2024-03-20T10:19:46Z,453.01,453.01,8e6k1loj,Phoenix,Australia,N64,Yes
55,z1x68lrm,56,http://www.speedrun.com/sm64/run/z1x68lrm,2021-10-27T22:20:00Z,453.19,453.19,48g979rx,GTM,Antarctica,N64,Yes
56,yvnvov6m,57,http://www.speedrun.com/sm64/run/yvnvov6m,2025-02-21T10:58:21Z,453.6,453.6,jn227vqj,MW_65536,Japan,N64,Yes
57,z00jo98z,57,http://www.speedrun.com/sm64/run/z00jo98z,2025-07-14T01:52:15Z,453.6,453.6,x7qqopy8,Kudo,France,N64,Yes
58,z1kw3jwy,59,http://www.speedrun.com/sm64/run/z1kw3jwy,2024-02-06T18:52:46Z,453.61,453.61,xz9z40r8,zMatt_,Italy,N64,Yes
59,zx01prez,60,http://www.speedrun.com/sm64/run/zx01prez,2025-09-09T06:23:32Z,453.7,453.7,8v57kgvj,GrievousD2,Canada,N64,Yes
60,megvnqqy,61,http://www.speedrun.com/sm64/run/megvnqqy,2024-07-10T00:14:14Z,453.88,453.88,qjnw4rdj,CapruSin,United States,EMU,Yes
61,y6j1226m,62,http://www.speedrun.com/sm64/run/y6j1226m,2025-09-06T21:31:54Z,453.96,453.96,8lpgwllj,Vadien,United States,N64,Yes
62,yvl7nv6z,63,http://www.speedrun.com/sm64/run/yvl7nv6z,2024-06-03T20:00:47Z,454.0,454.0,jo3w720j,JumboJolt,Antarctica,EMU,Yes
63,y69xpgjy,64,http://www.speedrun.com/sm64/run/y69xpgjy,2021-09-15T21:07:37Z,454.03,454.03,18v62qyx,Benji64,Austria,N64,Yes
64,zqqkov5z,65,http://www.speedrun.com/sm64/run/zqqkov5z,2024-07-10T20:36:43Z,454.26,454.26,8vo90m5x,Nicolascs83,Spain,N64,Yes
65,y2r0o56m,66,http://www.speedrun.com/sm64/run/y2r0o56m,2025-11-26T22:36:39Z,454.88,454.88,j0n10kw8,jaquarium,United States,N64,Yes
66,zg2940ey,67,http://www.speedrun.com/sm64/run/zg2940ey,2023-03-28T02:13:59Z,455.05,455.05,qxk4wo6j,saksdal,United States,N64,Yes
67,zx36xj8z,68,http://www.speedrun.com/sm64/run/zx36xj8z,2023-06-06T04:23:16Z,455.52,455.52,1xyd46wx,Kally,United States,N64,Yes
68,yl5nqprz,69,http://www.speedrun.com/sm64/run/yl5nqprz,2025-12-13T05:45:53Z,455.83,455.83,8qrwg4dj,nicov2k,United States,EMU,Yes
69,y6v8np1m,70,http://www.speedrun.com/sm64/run/y6v8np1m,2024-06-08T04:40:55Z,455.9,455.9,jo3qoo0j,fattylugia,United States,EMU,Yes
70,zn0p8k7y,71,http://www.speedrun.com/sm64/run/zn0p8k7y,2021-09-10T01:06:27Z,456.15,456.15,1xypyovx,Slipperynip,United States,N64,Yes
71,z0q74p9m,71,http://www.speedrun.com/sm64/run/z0q74p9m,2024-08-21T15:03:55Z,456.15,456.15,8d4ywn58,vitroncio,Brazil,N64,Yes
72,y2wde15y,73,http://www.speedrun.com/sm64/run/y2wde15y,2024-08-03T06:18:15Z,456.28,456.28,8w1rr94x,sanj,Canada,EMU,Yes
73,mk189rxy,74,http://www.speedrun.com/sm64/run/mk189rxy,2024-08-01T09:02:57Z,456.9,456.9,8e6vr17j,piegolds,Australia,EMU,Yes
74,z1n74jwy,75,http://www.speedrun.com/sm64/run/z1n74jwy,2024-10-29T17:51:04Z,457.01,457.01,xz27094x,Sadr,France,EMU,Yes
75,mk1lvr3y,76,http://www.speedrun.com/sm64/run/mk1lvr3y,2024-07-08T20:35:43Z,457.15,457.15,xkm3lk7j,Nonag,Germany,EMU,Yes
76,yw55e10y,77,http://www.speedrun.com/sm64/run/yw55e10y,2026-01-21T05:07:22Z,457.53,457.53,j4p9v2mj,Sprookie_Meow,United States,EMU,Yes
77,y9egqjvz,78,http://www.speedrun.com/sm64/run/y9egqjvz,2025-08-27T03:23:00Z,457.56,457.56,8v5253yj,taciturn,United States,EMU,Yes
78,yljk753m,79,http://www.speedrun.com/sm64/run/yljk753m,2025-05-18T07:19:40Z,457.6,457.6,8107re5x,Amush_MashB,,EMU,Yes
79,zp0n988m,80,http://www.speedrun.com/sm64/run/zp0n988m,2018-05-29T12:35:08Z,457.75,457.75,98r61l38,YuraMofu,Japan,N64,Yes
80,zq0v948y,81,http://www.speedrun.com/sm64/run/zq0v948y,2022-01-11T19:21:24Z,458.23,458.23,98re9d6x,Payduck64,United States,N64,Yes
81,y2djenjz,82,http://www.speedrun.com/sm64/run/y2djenjz,2020-11-22T14:44:08Z,458.35,458.35,qjoolrej,nobori56,Japan,N64,Yes
82,mkq2g05m,83,http://www.speedrun.com/sm64/run/mkq2g05m,2023-09-26T06:40:14Z,458.36,458.36,jnzgrmwj,CyanogenSm64,Uzbekistan,VC,No
83,yl73lx3m,84,http://www.speedrun.com/sm64/run/yl73lx3m,2022-04-06T11:52:29Z,458.38,458.38,18q6977j,Burnito,France,N64,Yes
84,mkvoeo3y,85,http://www.speedrun.com/sm64/run/mkvoeo3y,2023-03-12T18:10:36Z,458.42,458.42,pj0o24rj,Aleph64,Germany,VC,Yes
85,0y6gq1m7,86,http://www.speedrun.com/sm64/run/0y6gq1m7,,458.52,458.52,,,,N64,Yes
86,zpw3x7gy,87,http://www.speedrun.com/sm64/run/zpw3x7gy,2023-06-06T06:08:06Z,458.59,458.59,qj23lpxk,Miton,Japan,N64,Yes
87,y28gpj6y,88,http://www.speedrun.com/sm64/run/y28gpj6y,2025-07-14T12:43:00Z,458.7,458.7,joo3093j,ChiaraSM64,France,EMU,Yes
88,z167vxrm,89,http://www.speedrun.com/sm64/run/z167vxrm,2025-08-19T19:33:42Z,458.8,458.8,8dpn5mg8,tiles_,Ireland,EMU,Yes
89,y9p2ejem,90,http://www.speedrun.com/sm64/run/y9p2ejem,2024-12-16T05:07:51Z,458.96,458.96,xylw0wmj,Linkarf,Québec,N64,Yes
90,y8o5evdm,91,http://www.speedrun.com/sm64/run/y8o5evdm,2025-04-15T05:59:10Z,459.63,459.63,zxzqlnrx,Cysse,France,EMU,Yes
91,me301dqz,92,http://www.speedrun.com/sm64/run/me301dqz,2022-06-19T21:45:30Z,460.0,460.0,8vkqwknj,GroundPoundGary,United States,EMU,Yes
92,yl7dq1xm,92,http://www.speedrun.com/sm64/run/yl7dq1xm,2022-06-23T03:17:52Z,460.0,460.0,8ge9k0rj,ryompt,United States,N64,Yes
93,yj2gv2om,92,http://www.speedrun.com/sm64/run/yj2gv2om,2023-06-13T04:42:14Z,460.0,460.0,98r294wx,NawidNation,Canada,EMU,Yes
94,z00k3g4z,92,http://www.speedrun.com/sm64/run/z00k3g4z,2025-08-16T09:47:34Z,460.0,460.0,j427vvmx,NaeNaeEpicSwag,United States,N64,Yes
95,0y6v4npm,96,http://www.speedrun.com/sm64/run/0y6v4npm,2016-09-03T23:18:30Z,461.0,461.0,qxkovg98,gohanie,Japan,N64,Yes
96,mreep52y,96,http://www.speedrun.com/sm64/run/mreep52y,2019-07-06T07:54:25Z,461.0,461.0,zxzpz50j,Fafel,Japan,N64,Yes
97,ywx14d2m,96,http://www.speedrun.com/sm64/run/ywx14d2m,2024-07-12T00:55:17Z,461.0,461.0,x72zygq8,Avasion,United States,N64,Yes
98,z566dxny,99,http://www.speedrun.com/sm64/run/z566dxny,2026-01-23T07:08:38Z,462.0,462.0,pj0rd9mj,Gemini_,Australia,N64,Yes
99,y46n1x2z,100,http://www.speedrun.com/sm64/run/y46n1x2z,2024-05-31T03:59:39Z,463.0,463.0,8v21mo5j,rawzlyn,United States,N64,Yes
100,mep887qy,100,http://www.speedrun.com/sm64/run/mep887qy,2025-10-05T05:46:20Z,463.0,463.0,8dpdnk98,Gychi,Mexico,EMU,Yes
101,8y8ok5m1,102,http://www.speedrun.com/sm64/run/8y8ok5m1,,464.0,464.0,,,,N64,Yes
102,zgd0q3dz,102,http://www.speedrun.com/sm64/run/zgd0q3dz,2022-03-18T18:56:11Z,464.0,464.0,j0nmelr8,carrickdan,Ireland,N64,Yes
103,zx7nlkqy,102,http://www.speedrun.com/sm64/run/zx7nlkqy,2022-06-08T20:10:44Z,464.0,464.0,dx3wpl2j,MrJimmysteel25,United States,N64,Yes
104,mrl43x8m,102,http://www.speedrun.com/sm64/run/mrl43x8m,2023-06-07T23:44:30Z,464.0,464.0,jmpp51ej,amsixx,Spain,EMU,Yes
105,mkwrd1xm,102,http://www.speedrun.com/sm64/run/mkwrd1xm,2025-08-18T11:27:14Z,464.0,464.0,8rpv21dj,ZeusSM64,New Zealand,N64,Yes
106,y40g53kz,102,http://www.speedrun.com/sm64/run/y40g53kz,2025-12-11T02:02:10Z,464.0,464.0,8647vrqj,radrick,United States,EMU,Yes
107,y25e885y,108,http://www.speedrun.com/sm64/run/y25e885y,2020-06-17T03:50:40Z,465.0,465.0,1xyldrvj,anti,,N64,Yes
108,yod82k5m,108,http://www.speedrun.com/sm64/run/yod82k5m,2022-11-01T09:41:14Z,465.0,465.0,zx7dz1vx,AlejoWasHere,Spain,EMU,Yes
109,mrxqp62m,108,http://www.speedrun.com/sm64/run/mrxqp62m,2024-07-15T23:50:59Z,465.0,465.0,v816eo5x,Soda,,N64,Yes
110,zg24q20y,111,http://www.speedrun.com/sm64/run/zg24q20y,2023-04-19T17:55:29Z,466.0,466.0,jn9qe22x,Famin,United States,EMU,Yes
111,yd42pkwy,111,http://www.speedrun.com/sm64/run/yd42pkwy,2025-07-22T17:43:15Z,466.0,466.0,86nqn6wx,Susano130,Japan,N64,Yes
112,mkedk8vm,113,http://www.speedrun.com/sm64/run/mkedk8vm,2022-01-24T16:45:24Z,467.0,467.0,jmo4ewn8,Mathematix,United States,N64,Yes
113,zgox6xdm,113,http://www.speedrun.com/sm64/run/zgox6xdm,2024-08-10T09:28:22Z,467.0,467.0,8qrrp27j,TedFeds,United States,EMU,Yes
114,zx0vxdqz,113,http://www.speedrun.com/sm64/run/zx0vxdqz,2025-04-29T06:48:03Z,467.0,467.0,j9pze07x,PrinterWontWork,United States,N64,Yes
115,m7llwl9y,113,http://www.speedrun.com/sm64/run/m7llwl9y,2025-08-12T05:28:18Z,467.0,467.0,8r7412qj,Rynnoo,United States,N64,Yes
116,m7lj66ey,113,http://www.speedrun.com/sm64/run/m7lj66ey,2025-08-24T05:42:07Z,467.0,467.0,zxz67wn8,AJLane,United States,N64,Yes
117,yw5jx9py,113,http://www.speedrun.com/sm64/run/yw5jx9py,2025-11-25T14:03:56Z,467.0,467.0,jpm2m44j,happydude124,United States,EMU,Yes
118,pm358n6y,119,http://www.speedrun.com/sm64/run/pm358n6y,2015-06-17T07:17:19Z,468.0,468.0,68wwn48g,Mitagi,Japan,N64,Yes
119,mkdlnj3y,119,http://www.speedrun.com/sm64/run/mkdlnj3y,2022-07-31T20:39:39Z,468.0,468.0,v810d5rx,SubmarineCpt,United States,EMU,Yes
120,y86eo0wm,119,http://www.speedrun.com/sm64/run/y86eo0wm,2023-06-18T01:36:11Z,468.0,468.0,pj0mn69x,B1GEY3DPYTH0N,,N64,Yes
121,yl67g7xy,119,http://www.speedrun.com/sm64/run/yl67g7xy,2023-06-30T01:11:50Z,468.0,468.0,j5wo65gj,Blahaj64,Canada,N64,Yes
122,y6gprkpm,119,http://www.speedrun.com/sm64/run/y6gprkpm,2024-12-12T23:42:50Z,468.0,468.0,8dpk11l8,TheBest2272,Spain,EMU,Yes
123,zqp5xo5m,119,http://www.speedrun.com/sm64/run/zqp5xo5m,2025-08-21T13:58:58Z,468.0,468.0,jo1o36nx,noso,Australia,EMU,Yes
124,zxwj10qm,125,http://www.speedrun.com/sm64/run/zxwj10qm,2024-01-08T02:29:00Z,469.0,469.0,8q3lvp7j,Nagol64m,United States,EMU,No
125,y8pd6rxz,125,http://www.speedrun.com/sm64/run/y8pd6rxz,2024-08-14T15:52:40Z,469.0,469.0,8rperewj,nahobox,Scotland,EMU,Yes
126,mko04olz,125,http://www.speedrun.com/sm64/run/mko04olz,2025-02-14T17:06:27Z,469.0,469.0,x7z7pey8,Everchix,Japan,N64,Yes
127,yw2ewjpy,125,http://www.speedrun.com/sm64/run/yw2ewjpy,2025-04-23T07:16:55Z,469.0,469.0,8lrm6r78,piposaru,Japan,N64,Yes
128,y9wlr0vz,125,http://www.speedrun.com/sm64/run/y9wlr0vz,2025-11-26T22:33:23Z,469.0,469.0,jprg1g58,eave,,N64,Yes
129,1zq1ne5m,130,http://www.speedrun.com/sm64/run/1zq1ne5m,2015-11-05T23:59:03Z,470.0,470.0,,,,N64,Yes
130,zxlow2gz,130,http://www.speedrun.com/sm64/run/zxlow2gz,2022-01-12T09:22:00Z,470.0,470.0,98rl4w38,HorrorDoesSpeedRuns,United States,N64,Yes
131,y2e8oxwy,130,http://www.speedrun.com/sm64/run/y2e8oxwy,2022-10-24T05:12:23Z,470.0,470.0,v8lgdovj,Drac,Brazil,N64,Yes
132,zxx9odez,130,http://www.speedrun.com/sm64/run/zxx9odez,2024-07-07T18:41:10Z,470.0,470.0,x3w377ej,AbUnderscored,Jordan,EMU,Yes
133,me2pj43m,130,http://www.speedrun.com/sm64/run/me2pj43m,2025-08-17T21:04:22Z,470.0,470.0,8lr61378,LightBlue,Canada,N64,Yes
134,m3vejo6z,130,http://www.speedrun.com/sm64/run/m3vejo6z,2025-09-15T22:21:50Z,470.0,470.0,qxkrpqm8,Dackage,United States,EMU,Yes
135,meljqlqz,136,http://www.speedrun.com/sm64/run/meljqlqz,2023-06-24T16:45:09Z,471.0,471.0,8gee0n2j,Doginator,United States,N64,Yes
136,y6jdjeqm,136,http://www.speedrun.com/sm64/run/y6jdjeqm,2025-06-09T22:55:15Z,471.0,471.0,8q3g5goj,Taylor,United States,N64,Yes
137,y680n4pz,136,http://www.speedrun.com/sm64/run/y680n4pz,2025-11-30T01:12:14Z,471.0,471.0,jo30mmnj,FelizAvis,United States,N64,Yes
138,z57wpngm,139,http://www.speedrun.com/sm64/run/z57wpngm,2020-01-25T10:12:43Z,472.0,472.0,qjned9qj,tami,Japan,N64,Yes
139,ylv962rm,139,http://www.speedrun.com/sm64/run/ylv962rm,2020-09-15T09:19:32Z,472.0,472.0,7j4drzdj,AppleJuice,United States,EMU,Yes
140,zn75qw8m,139,http://www.speedrun.com/sm64/run/zn75qw8m,2022-03-07T04:24:39Z,472.0,472.0,zxzzzrxq,Moose,United States,N64,Yes
141,zq79okrm,139,http://www.speedrun.com/sm64/run/zq79okrm,2022-06-06T04:32:30Z,472.0,472.0,8qz5qoq8,BizzareScape,Mexico,N64,Yes
142,zq7dke9m,139,http://www.speedrun.com/sm64/run/zq7dke9m,2022-06-17T16:25:31Z,472.0,472.0,68wzrnv8,aussieadam,United States,EMU,Yes
143,zp9x5kxm,139,http://www.speedrun.com/sm64/run/zp9x5kxm,2022-06-29T19:08:34Z,472.0,472.0,j4r2ynw8,Lojen,United States,VC,Yes
144,y2eg52jy,139,http://www.speedrun.com/sm64/run/y2eg52jy,2022-09-20T03:40:33Z,472.0,472.0,98rp933j,BobTheDonkey_,Canada,N64,Yes
145,mrx8707m,139,http://www.speedrun.com/sm64/run/mrx8707m,2024-07-18T22:34:57Z,472.0,472.0,x336dy2x,Rikuze,France,EMU,Yes
146,ydvg8nxy,139,http://www.speedrun.com/sm64/run/ydvg8nxy,2025-02-08T15:10:11Z,472.0,472.0,x77dy6qx,symplicial,United States,N64,Yes
147,yd4k1pqy,139,http://www.speedrun.com/sm64/run/yd4k1pqy,2025-09-14T17:21:29Z,472.0,472.0,x7wzv1v8,ADRki11er,Brazil,EMU,Yes
148,yo5o1r0z,139,http://www.speedrun.com/sm64/run/yo5o1r0z,2025-12-29T21:42:43Z,472.0,472.0,o86z710x,zekeSSB,United States,N64,Yes
149,zq7wgx1m,150,http://www.speedrun.com/sm64/run/zq7wgx1m,2022-04-27T20:01:08Z,473.0,473.0,pj0eny48,scoagogo,Northern Ireland,EMU,Yes
150,znqd3plz,150,http://www.speedrun.com/sm64/run/znqd3plz,2022-11-21T15:53:28Z,473.0,473.0,qjomp63x,Frisson4,Québec,N64,Yes
151,zgerrqvy,150,http://www.speedrun.com/sm64/run/zgerrqvy,2023-06-15T22:19:10Z,473.0,473.0,qj2w3rpj,BlueBob,Canada,N64,Yes
152,z1lv10gm,150,http://www.speedrun.com/sm64/run/z1lv10gm,2023-07-29T21:34:01Z,473.0,473.0,j2636gox,smc_,Scotland,N64,Yes
153,m7lekp4y,150,http://www.speedrun.com/sm64/run/m7lekp4y,2025-08-09T05:52:38Z,473.0,473.0,xk4zke6j,ElDeve,Argentina,EMU,Yes
154,y2rjd3jm,150,http://www.speedrun.com/sm64/run/y2rjd3jm,2025-12-12T11:37:01Z,473.0,473.0,xz0lmlr8,haribo39,United Kingdom,EMU,Yes
155,m7wxgvwz,156,http://www.speedrun.com/sm64/run/m7wxgvwz,2022-01-24T02:55:05Z,474.0,474.0,j5vgmmg8,Hendyman,Germany,EMU,Yes
156,yl6qno2y,156,http://www.speedrun.com/sm64/run/yl6qno2y,2023-06-11T02:22:40Z,474.0,474.0,8vkn1mnj,madware,Chile,N64,Yes
157,z1kjge9y,156,http://www.speedrun.com/sm64/run/z1kjge9y,2023-09-27T17:31:09Z,474.0,474.0,pj0322mj,Erthide,Québec,VC,Yes
158,y6qedgqz,156,http://www.speedrun.com/sm64/run/y6qedgqz,2023-12-29T14:19:14Z,474.0,474.0,j4rpdvw8,DerMuriToaster,Germany,EMU,Yes
159,zng9dd8m,156,http://www.speedrun.com/sm64/run/zng9dd8m,2025-08-09T17:38:19Z,474.0,474.0,qj2y1r68,JJsrl,United States,N64,Yes
160,yd4p28qy,156,http://www.speedrun.com/sm64/run/yd4p28qy,2025-08-24T23:41:31Z,474.0,474.0,xko6o278,Seceon,Chile,N64,Yes
161,yw56823y,156,http://www.speedrun.com/sm64/run/yw56823y,2025-12-05T05:47:22Z,474.0,474.0,18vkpkyj,KobrahCJ,United States,N64,Yes
162,kz536jdy,163,http://www.speedrun.com/sm64/run/kz536jdy,2015-07-30T06:13:44Z,475.0,475.0,,,,N64,Yes
163,emk7o01y,163,http://www.speedrun.com/sm64/run/emk7o01y,2015-09-08T00:22:47Z,475.0,475.0,qjn9dwxm,360Chrism,Germany,VC,Yes
164,z013po4y,163,http://www.speedrun.com/sm64/run/z013po4y,2019-06-17T01:43:22Z,475.0,475.0,98r2y03x,SoloQ,United States,EMU,Yes
165,znpqew9m,163,http://www.speedrun.com/sm64/run/znpqew9m,2022-06-04T20:24:24Z,475.0,475.0,y8dz54gj,Maosfx,United States,N64,Yes
166,yd1gx5xy,163,http://www.speedrun.com/sm64/run/yd1gx5xy,2022-09-18T17:58:28Z,475.0,475.0,8e9my76j,Nardomarco,Germany,EMU,Yes
167,mrl6332m,163,http://www.speedrun.com/sm64/run/mrl6332m,2023-06-24T23:19:11Z,475.0,475.0,j4232gmx,VonJim,Québec,N64,Yes
168,8yvnl4mo,169,http://www.speedrun.com/sm64/run/8yvnl4mo,,476.0,476.0,,,,N64,Yes
169,oy2qeqwy,169,http://www.speedrun.com/sm64/run/oy2qeqwy,2015-02-17T20:04:21Z,476.0,476.0,18qnw78n,Mese,Japan,N64,Yes
170,dy4e0wqm,169,http://www.speedrun.com/sm64/run/dy4e0wqm,2015-07-30T06:16:17Z,476.0,476.0,,,,N64,Yes
171,ywk5g63y,169,http://www.speedrun.com/sm64/run/ywk5g63y,2021-11-04T18:46:23Z,476.0,476.0,e8evzg7x,gamiru,Japan,N64,Yes
172,zn2dx27z,169,http://www.speedrun.com/sm64/run/zn2dx27z,2024-07-03T20:47:18Z,476.0,476.0,jm3ymoo8,Its_CircleZ,United States,N64,Yes
173,ydojgkvz,169,http://www.speedrun.com/sm64/run/ydojgkvz,2025-12-21T06:33:41Z,476.0,476.0,8vrlwknx,Baladron11,Chile,EMU,Yes
174,1zq45w9m,175,http://www.speedrun.com/sm64/run/1zq45w9m,2015-07-30T06:17:23Z,477.0,477.0,,,,N64,No
175,kz5xjeey,175,http://www.speedrun.com/sm64/run/kz5xjeey,2016-03-17T14:43:51Z,477.0,477.0,zx7gnyx7,Dwhatever,Germany,N64,Yes
176,zqe49pxz,175,http://www.speedrun.com/sm64/run/zqe49pxz,2023-01-02T20:14:55Z,477.0,477.0,j2y0pkl8,TobiiSR,Austria,VC,Yes
177,z0np0l8m,175,http://www.speedrun.com/sm64/run/z0np0l8m,2023-02-02T14:05:23Z,477.0,477.0,x7q4gvq8,badlski,Finland,EMU,Yes
178,y9ew69vz,175,http://www.speedrun.com/sm64/run/y9ew69vz,2025-08-18T15:46:57Z,477.0,477.0,xyl4ynzj,imchach,United States,EMU,Yes
179,y40qpo3z,175,http://www.speedrun.com/sm64/run/y40qpo3z,2025-12-03T16:13:04Z,477.0,477.0,zxz63me8,RedsMSR,Canada,VC,Yes
180,m7vew0em,175,http://www.speedrun.com/sm64/run/m7vew0em,2026-01-12T08:27:11Z,477.0,477.0,8eewvpp8,sazan,Japan,VC,Yes
181,0znv573m,182,http://www.speedrun.com/sm64/run/0znv573m,2016-06-27T23:51:46Z,478.0,478.0,kjp9p28q,Sigotu,Poland,EMU,Yes
182,y88xnqdy,182,http://www.speedrun.com/sm64/run/y88xnqdy,2022-06-05T19:52:48Z,478.0,478.0,kj90merj,FinnTyph,United States,N64,Yes
183,yddj09vy,182,http://www.speedrun.com/sm64/run/yddj09vy,2022-06-13T04:37:10Z,478.0,478.0,kjpoery8,Falcon,Canada,N64,Yes
184,zx5996km,182,http://www.speedrun.com/sm64/run/zx5996km,2025-09-18T19:50:23Z,478.0,478.0,xko59n68,FleetingAzure,United States,N64,Yes
185,yjlwwq7z,186,http://www.speedrun.com/sm64/run/yjlwwq7z,2020-07-06T18:55:25Z,479.0,479.0,qjoq7yl8,KevinKrunch,United States,N64,Yes
186,zgd11pdz,186,http://www.speedrun.com/sm64/run/zgd11pdz,2022-03-15T02:17:42Z,479.0,479.0,8rpp0egj,Bluth,United States,N64,No
187,ydgp51qy,186,http://www.speedrun.com/sm64/run/ydgp51qy,2023-03-29T13:03:52Z,479.0,479.0,68w4ro4x,wara,Japan,N64,Yes
188,y98nnwez,186,http://www.speedrun.com/sm64/run/y98nnwez,2023-06-03T17:43:34Z,479.0,479.0,86n94m0x,Joanbros,France,EMU,Yes
189,y4o2oddz,186,http://www.speedrun.com/sm64/run/y4o2oddz,2023-06-05T11:48:56Z,479.0,479.0,8gee7n7j,LxqZach,Germany,N64,Yes
190,m3q032gy,186,http://www.speedrun.com/sm64/run/m3q032gy,2023-07-21T21:48:08Z,479.0,479.0,j4rg3z58,CheesyLeech,United States,N64,No
191,z0qrd1em,186,http://www.speedrun.com/sm64/run/z0qrd1em,2024-08-14T23:34:11Z,479.0,479.0,xz27v1nx,NewmanBeatbox,United States,EMU,Yes
192,zgj6v5nz,186,http://www.speedrun.com/sm64/run/zgj6v5nz,2025-03-15T18:57:54Z,479.0,479.0,8r3rzrq8,PARS1K,Germany,EMU,Yes
193,zg677jvm,186,http://www.speedrun.com/sm64/run/zg677jvm,2025-05-02T07:31:49Z,479.0,479.0,j52myw6j,Mario104,China,EMU,Yes
194,z5w62oez,186,http://www.speedrun.com/sm64/run/z5w62oez,2025-08-18T00:08:05Z,479.0,479.0,81qn9n5j,turtlehippo,Canada,N64,Yes
195,y68nqk1z,186,http://www.speedrun.com/sm64/run/y68nqk1z,2025-11-24T22:29:49Z,479.0,479.0,e8e23628,flow,Brazil,EMU,Yes
196,yv58rrem,186,http://www.speedrun.com/sm64/run/yv58rrem,2025-12-13T23:50:49Z,479.0,479.0,jmo3d1e8,Superstinkyburps,United States,N64,Yes
197,ydopdpxz,186,http://www.speedrun.com/sm64/run/ydopdpxz,2026-01-29T02:34:43Z,479.0,479.0,1xy9r4yj,Mapiz,Italy,N64,Yes
198,7z0gp5jy,199,http://www.speedrun.com/sm64/run/7z0gp5jy,2017-02-26T20:22:51Z,480.0,480.0,0jm02o81,Tristan,United States,N64,Yes
199,mkk0qxlm,199,http://www.speedrun.com/sm64/run/mkk0qxlm,2022-06-15T12:33:25Z,480.0,480.0,x7m9r50x,SaschaSR,Germany,EMU,Yes
200,z0pdxe8y,199,http://www.speedrun.com/sm64/run/z0pdxe8y,2022-06-24T04:30:47Z,480.0,480.0,48geze7j,heeheex2,Canada,VC,Yes
201,yv0odo8z,199,http://www.speedrun.com/sm64/run/yv0odo8z,2022-08-31T04:02:42Z,480.0,480.0,8dw231lj,Snepy,Chile,N64,Yes
202,zqe8r6xz,199,http://www.speedrun.com/sm64/run/zqe8r6xz,2023-02-27T01:03:10Z,480.0,480.0,qj2z19nj,TheCrit,United States,EMU,Yes
203,z1l8lxjm,199,http://www.speedrun.com/sm64/run/z1l8lxjm,2023-06-05T07:02:53Z,480.0,480.0,j96ww5vj,asandal,United States,N64,Yes
204,zpwpj7gy,199,http://www.speedrun.com/sm64/run/zpwpj7gy,2023-07-19T13:36:01Z,480.0,480.0,zxz1vorj,Karyno,France,N64,Yes
205,ylp6qk3m,199,http://www.speedrun.com/sm64/run/ylp6qk3m,2025-02-15T19:49:06Z,480.0,480.0,0jmw6wex,Bombs,United States,N64,Yes
206,y4qj64qm,207,http://www.speedrun.com/sm64/run/y4qj64qm,2022-07-03T17:59:05Z,481.0,481.0,zx76v0j7,Taggo,Sweden,N64,Yes
207,zx36e0gz,207,http://www.speedrun.com/sm64/run/zx36e0gz,2023-06-08T00:10:27Z,481.0,481.0,jo35yn7j,Luisito,Mexico,VC,Yes
208,zpxqprgm,207,http://www.speedrun.com/sm64/run/zpxqprgm,2024-07-14T15:03:35Z,481.0,481.0,5j5qzewj,Keubab,France,N64,Yes
209,y6j842jm,207,http://www.speedrun.com/sm64/run/y6j842jm,2025-08-20T21:03:41Z,481.0,481.0,jp4q645j,GoodGrieth,,N64,Yes
210,7z09k5jz,211,http://www.speedrun.com/sm64/run/7z09k5jz,2015-07-30T06:19:17Z,482.0,482.0,qj26pqnx,NyZ,Japan,N64,Yes
211,yjkevpdm,211,http://www.speedrun.com/sm64/run/yjkevpdm,2018-02-17T11:38:49Z,482.0,482.0,,,,N64,Yes
212,y4ro5lnz,211,http://www.speedrun.com/sm64/run/y4ro5lnz,2021-06-08T01:11:30Z,482.0,482.0,1xy1oozx,ringo792,United States,N64,Yes
213,y8w8vw1y,211,http://www.speedrun.com/sm64/run/y8w8vw1y,2024-04-14T09:04:01Z,482.0,482.0,xyovdowj,Drainsow,Germany,EMU,Yes
214,yw2903ny,211,http://www.speedrun.com/sm64/run/yw2903ny,2025-09-04T17:43:00Z,482.0,482.0,8rm20ewj,FlamingFishsticks,United States,EMU,Yes
215,y40l2enz,211,http://www.speedrun.com/sm64/run/y40l2enz,2026-01-05T19:56:18Z,482.0,482.0,j0w19ym8,DeadGuyDrives,United States,N64,Yes
216,z0e85k9m,217,http://www.speedrun.com/sm64/run/z0e85k9m,2018-02-09T18:40:33Z,483.0,483.0,zx766dyj,Tencho,Japan,N64,Yes
217,y8971oxm,217,http://www.speedrun.com/sm64/run/y8971oxm,2019-04-18T13:33:15Z,483.0,483.0,kjpqy9yx,Gainai,Germany,N64,Yes
218,zngg708m,217,http://www.speedrun.com/sm64/run/zngg708m,2025-08-12T02:35:21Z,483.0,483.0,18qk2m78,DentoriousRed,United States,N64,Yes
219,m7v01wem,217,http://www.speedrun.com/sm64/run/m7v01wem,2025-12-18T01:02:24Z,483.0,483.0,pj09l9jw,BeastlyWhale,,N64,Yes
220,7z0r2jez,221,http://www.speedrun.com/sm64/run/7z0r2jez,2015-11-06T00:15:20Z,484.0,484.0,,,,N64,Yes
221,0y6r85qy,221,http://www.speedrun.com/sm64/run/0y6r85qy,2015-07-30T06:20:48Z,484.0,484.0,,,,N64,Yes
222,y6od691y,221,http://www.speedrun.com/sm64/run/y6od691y,2023-01-13T11:16:43Z,484.0,484.0,x35wo52j,2porridge,United States,N64,Yes
223,mel4vr8z,221,http://www.speedrun.com/sm64/run/mel4vr8z,2023-06-14T02:57:05Z,484.0,484.0,1xyw6wn8,markinator99,United States,N64,No
224,m7lj43wy,221,http://www.speedrun.com/sm64/run/m7lj43wy,2025-08-27T02:50:22Z,484.0,484.0,j20qnrlx,MrFroggy,United States,N64,Yes
225,y236o05m,226,http://www.speedrun.com/sm64/run/y236o05m,2018-04-02T00:51:50Z,485.0,485.0,1xyo4enj,chlidlunk,France,VC,Yes
226,y4qpw12m,226,http://www.speedrun.com/sm64/run/y4qpw12m,2022-07-26T14:22:23Z,485.0,485.0,68wp5qvx,geek,Germany,N64,Yes
227,zx38868z,226,http://www.speedrun.com/sm64/run/zx38868z,2023-07-02T13:32:48Z,485.0,485.0,8g5772rj,Semaa,Bosnia and Herzegovina,EMU,Yes
228,meg70r3y,226,http://www.speedrun.com/sm64/run/meg70r3y,2024-08-14T23:05:30Z,485.0,485.0,zx71oy0x,FGSM,Scotland,EMU,Yes
229,wzpkjxyq,230,http://www.speedrun.com/sm64/run/wzpkjxyq,,486.0,486.0,zx7qg687,ParadoxKarl,Esperanto,VC,Yes
230,y670njjm,230,http://www.speedrun.com/sm64/run/y670njjm,2017-10-22T03:19:21Z,486.0,486.0,48gmn28p,Dungeonfire,Germany,EMU,Yes
231,mewr460m,230,http://www.speedrun.com/sm64/run/mewr460m,2024-07-01T16:58:30Z,486.0,486.0,qxklwe78,Hypokamp,,EMU,Yes
232,y8p2p95z,230,http://www.speedrun.com/sm64/run/y8p2p95z,2024-07-29T23:35:49Z,486.0,486.0,98rp5mwj,chipi,United Kingdom,EMU,Yes
233,ywxnodnm,230,http://www.speedrun.com/sm64/run/ywxnodnm,2024-09-25T19:04:49Z,486.0,486.0,86v9945j,Tit0MEX_64,Mexico,EMU,Yes
234,me2pod8m,230,http://www.speedrun.com/sm64/run/me2pod8m,2025-08-16T21:02:07Z,486.0,486.0,j0vkm73x,druz,United States,EMU,Yes
235,mkwjdn3m,230,http://www.speedrun.com/sm64/run/mkwjdn3m,2025-09-14T17:39:08Z,486.0,486.0,joz4g138,yJotape,Brazil,EMU,Yes
236,m372dn6z,237,http://www.speedrun.com/sm64/run/m372dn6z,2021-11-01T05:45:09Z,487.0,487.0,86vm37pj,sevenyoshi,United States,N64,Yes
237,ydd4g6wy,237,http://www.speedrun.com/sm64/run/ydd4g6wy,2022-07-07T07:20:02Z,487.0,487.0,8lpl934j,PegiTheLoca,Germany,EMU,Yes
238,yjpnqpdy,237,http://www.speedrun.com/sm64/run/yjpnqpdy,2022-07-28T09:16:54Z,487.0,487.0,5j5gwr68,Speedrun,United States,EMU,Yes
239,zgedwvvy,237,http://www.speedrun.com/sm64/run/zgedwvvy,2023-06-20T14:22:58Z,487.0,487.0,j40y2pv8,Tansan,Japan,N64,Yes
240,yv75we4y,237,http://www.speedrun.com/sm64/run/yv75we4y,2025-08-21T13:24:31Z,487.0,487.0,8rm455qj,Xela_,Venezuela,EMU,Yes
241,y8g7vgnz,237,http://www.speedrun.com/sm64/run/y8g7vgnz,2025-09-04T19:04:04Z,487.0,487.0,86nk3mpx,YogoC,United States,N64,Yes
242,z0nwv58m,243,http://www.speedrun.com/sm64/run/z0nwv58m,2022-12-01T23:59:54Z,488.0,488.0,qxkvqp2j,PKT_S,France,N64,Yes
243,m3j73kwz,243,http://www.speedrun.com/sm64/run/m3j73kwz,2024-08-19T04:26:33Z,488.0,488.0,xyovd1nj,Henoty,France,EMU,Yes
244,zg66djjm,243,http://www.speedrun.com/sm64/run/zg66djjm,2025-08-12T05:22:10Z,488.0,488.0,j2w1w5lj,RONC3NA,United States,N64,Yes
245,yo4qgp0m,246,http://www.speedrun.com/sm64/run/yo4qgp0m,2018-02-17T11:42:19Z,489.0,489.0,,,,N64,No
246,y9v809em,246,http://www.speedrun.com/sm64/run/y9v809em,2022-06-13T00:36:39Z,489.0,489.0,8qrldp7j,Amahumahaba,United States,N64,Yes
247,y9d0v1rm,246,http://www.speedrun.com/sm64/run/y9d0v1rm,2024-07-28T21:38:45Z,489.0,489.0,8e6qyddj,Salemba,Austria,N64,Yes
248,y6jqxvpm,246,http://www.speedrun.com/sm64/run/y6jqxvpm,2025-07-20T16:02:00Z,489.0,489.0,81qlog3j,Zarcos,Réunion,EMU,Yes
249,ydo1o0jz,246,http://www.speedrun.com/sm64/run/ydo1o0jz,2025-12-09T05:30:45Z,489.0,489.0,8q5m1vw8,MiriSpeedruns,United States,N64,Yes
250,yjlp0ndz,251,http://www.speedrun.com/sm64/run/yjlp0ndz,2020-06-11T15:52:45Z,490.0,490.0,qjo5lrl8,SaltAndGinger,Jersey,N64,Yes
251,zp9o09nm,251,http://www.speedrun.com/sm64/run/zp9o09nm,2022-07-05T16:05:45Z,490.0,490.0,7j4epgvx,Mcnessyj,New Zealand,N64,Yes
252,m3qe9n6y,251,http://www.speedrun.com/sm64/run/m3qe9n6y,2023-08-31T03:19:15Z,490.0,490.0,8rlr3pg8,siggyscorp,United States,N64,Yes
253,y4jj3jqy,251,http://www.speedrun.com/sm64/run/y4jj3jqy,2025-03-08T19:33:51Z,490.0,490.0,86vwk03j,Super_Dejan,Montenegro,N64,Yes
254,m7v61v9m,251,http://www.speedrun.com/sm64/run/m7v61v9m,2025-11-27T18:38:24Z,490.0,490.0,xyovelwj,LiamPlayZelda,United States,VC,Yes
255,yw5n650y,251,http://www.speedrun.com/sm64/run/yw5n650y,2025-12-27T03:42:39Z,490.0,490.0,jo1om4ex,Godzy18,Québec,EMU,Yes
256,pzgjlvz2,257,http://www.speedrun.com/sm64/run/pzgjlvz2,,491.0,491.0,e8e6edj0,GothicLogic,United Kingdom,N64,Yes
257,ylknr1xz,257,http://www.speedrun.com/sm64/run/ylknr1xz,2020-06-21T09:33:00Z,491.0,491.0,v81eydrj,Minelover,United States,EMU,Yes
258,m7glww5m,257,http://www.speedrun.com/sm64/run/m7glww5m,2020-07-30T20:54:26Z,491.0,491.0,5j52wm6j,Kanwa,Chile,EMU,Yes
259,z52244nz,257,http://www.speedrun.com/sm64/run/z52244nz,2022-06-01T16:15:41Z,491.0,491.0,e8ewrz78,ariapath,Australia,EMU,Yes
260,yjpd1ggy,257,http://www.speedrun.com/sm64/run/yjpd1ggy,2022-06-03T08:06:00Z,491.0,491.0,86vvqv0j,DillaGames,Indonesia,EMU,Yes
261,mkdkxrvy,257,http://www.speedrun.com/sm64/run/mkdkxrvy,2022-09-08T06:52:42Z,491.0,491.0,xyrwkqwj,Yudalol,Canada,EMU,Yes
262,zpgwqrxz,257,http://www.speedrun.com/sm64/run/zpgwqrxz,2023-02-15T20:38:36Z,491.0,491.0,qjo0ge7j,millacks,Ireland,VC,Yes
263,me2l1g3m,257,http://www.speedrun.com/sm64/run/me2l1g3m,2025-07-14T18:53:40Z,491.0,491.0,xz047ke8,Marirby,France,EMU,Yes
264,yw2o2w0y,257,http://www.speedrun.com/sm64/run/yw2o2w0y,2025-08-26T08:08:35Z,491.0,491.0,8l35dzl8,KalasLawliet,France,N64,Yes
265,2ywwgpy4,266,http://www.speedrun.com/sm64/run/2ywwgpy4,,492.0,492.0,,,,N64,Yes
266,zgdn5qez,266,http://www.speedrun.com/sm64/run/zgdn5qez,2021-12-11T05:50:15Z,492.0,492.0,x3m75r68,BenYork36,United States,N64,Yes
267,zq7ed69m,266,http://www.speedrun.com/sm64/run/zq7ed69m,2022-06-10T00:01:13Z,492.0,492.0,x359w0kj,mads_x3,Australia,N64,Yes
268,ydj1nd0y,266,http://www.speedrun.com/sm64/run/ydj1nd0y,2023-07-03T11:48:40Z,492.0,492.0,1xyqkgz8,Sanklo,Argentina,EMU,Yes
269,z19w2j9m,266,http://www.speedrun.com/sm64/run/z19w2j9m,2024-07-01T21:48:46Z,492.0,492.0,8v211gyj,lloyD5569,United States,EMU,Yes
270,y6j673qm,266,http://www.speedrun.com/sm64/run/y6j673qm,2025-05-29T00:20:35Z,492.0,492.0,j201q9ox,Tomy766103,France,EMU,Yes
271,y68xqvjz,266,http://www.speedrun.com/sm64/run/y68xqvjz,2025-12-07T21:20:37Z,492.0,492.0,j0gp1q4x,Woissil,France,EMU,Yes
272,z56gd7ey,266,http://www.speedrun.com/sm64/run/z56gd7ey,2026-01-06T06:39:11Z,492.0,492.0,8geeym7j,Nebula_Composer,United States,N64,Yes
273,ydwp010m,274,http://www.speedrun.com/sm64/run/ydwp010m,2022-03-11T19:55:37Z,493.0,493.0,68w672qj,drimys,United States,N64,Yes
274,znpev5vm,274,http://www.speedrun.com/sm64/run/znpev5vm,2022-06-20T05:32:17Z,493.0,493.0,zx7gkrx7,alaris,United States,N64,Yes
275,ywxv9d3m,274,http://www.speedrun.com/sm64/run/ywxv9d3m,2024-09-14T01:19:07Z,493.0,493.0,j2wrvyoj,Tanishy,Japan,N64,Yes
276,yl5ewqrz,274,http://www.speedrun.com/sm64/run/yl5ewqrz,2025-11-26T18:51:21Z,493.0,493.0,8g51pypj,LinuxHater,Spain,N64,Yes
277,z19e50gm,278,http://www.speedrun.com/sm64/run/z19e50gm,2024-06-25T03:01:40Z,494.0,494.0,kj9kdyv8,reyalsdiorteM,United States,VC,Yes
278,y9ew1krz,278,http://www.speedrun.com/sm64/run/y9ew1krz,2025-08-17T01:13:34Z,494.0,494.0,j92p9yr8,jacobo,United States,EMU,Yes
279,yw2738py,278,http://www.speedrun.com/sm64/run/yw2738py,2025-08-30T02:32:10Z,494.0,494.0,863k2ww8,MeepJeep,Germany,N64,Yes
280,yw29o73y,278,http://www.speedrun.com/sm64/run/yw29o73y,2025-09-09T06:05:45Z,494.0,494.0,68wg36qx,ded_lej,North Korea,N64,Yes
281,y682gd0z,278,http://www.speedrun.com/sm64/run/y682gd0z,2025-12-22T07:48:37Z,494.0,494.0,j0gnzymx,Striker440,United States,EMU,Yes
282,oy2g679z,278,http://www.speedrun.com/sm64/run/oy2g679z,2016-06-29T15:13:03Z,494.0,494.0,,,,N64,No
283,8y8rn2wm,284,http://www.speedrun.com/sm64/run/8y8rn2wm,2015-07-30T06:22:40Z,495.0,495.0,,,,N64,Yes
284,y8eg621y,284,http://www.speedrun.com/sm64/run/y8eg621y,2021-10-29T12:01:18Z,495.0,495.0,qjn6yzwx,BennyMKW,United States,VC,Yes
285,zp9dxd8m,284,http://www.speedrun.com/sm64/run/zp9dxd8m,2022-06-05T07:19:56Z,495.0,495.0,8rprrndj,N8rBeans,United States,N64,Yes
286,y9j78xrm,284,http://www.speedrun.com/sm64/run/y9j78xrm,2024-02-21T04:22:01Z,495.0,495.0,8q3npw0j,Slowmobile,United States,N64,Yes
287,ydl01v0z,284,http://www.speedrun.com/sm64/run/ydl01v0z,2024-08-03T11:23:43Z,495.0,495.0,8w1peq3x,Aesirrr,England,EMU,Yes
288,z5g3n0nm,284,http://www.speedrun.com/sm64/run/z5g3n0nm,2024-08-05T05:16:22Z,495.0,495.0,8dw9onoj,JoeyBagODonuts,United States,EMU,Yes
289,z1p5xdwz,290,http://www.speedrun.com/sm64/run/z1p5xdwz,2022-04-28T02:16:52Z,496.0,496.0,8l0q0k78,GeoGringo,United States,N64,Yes
290,z1n1ldgy,290,http://www.speedrun.com/sm64/run/z1n1ldgy,2024-07-19T12:16:54Z,496.0,496.0,8r36epq8,Wolfovis,Germany,N64,Yes
291,yjqqjpom,290,http://www.speedrun.com/sm64/run/yjqqjpom,2025-08-09T20:28:23Z,496.0,496.0,8qo05moj,Birdman20,United States,N64,Yes
292,6yjeo3md,293,http://www.speedrun.com/sm64/run/6yjeo3md,,497.0,497.0,,,,N64,Yes
293,m7q6pw5z,293,http://www.speedrun.com/sm64/run/m7q6pw5z,2019-09-28T08:45:40Z,497.0,497.0,v8l4r04j,JeremyMKW,United States,N64,Yes
294,yor5jx7y,293,http://www.speedrun.com/sm64/run/yor5jx7y,2022-03-05T18:24:13Z,497.0,497.0,xz916448,rosheeki,United States,N64,Yes
295,znp50pvm,293,http://www.speedrun.com/sm64/run/znp50pvm,2022-07-10T21:02:50Z,497.0,497.0,kjpqrr4x,Goldrush,Japan,N64,Yes
296,m76kr0ey,293,http://www.speedrun.com/sm64/run/m76kr0ey,2022-07-25T20:07:39Z,497.0,497.0,qxk45r6j,hokorobi,Japan,N64,Yes
297,yj2gve7m,293,http://www.speedrun.com/sm64/run/yj2gve7m,2023-06-13T06:09:33Z,497.0,497.0,5j5097nx,ErikaSunrose,Sweden,EMU,Yes
298,ydled10z,293,http://www.speedrun.com/sm64/run/ydled10z,2024-08-19T03:20:07Z,497.0,497.0,7j4q7emx,eleesuh,Germany,N64,Yes
299,yjqq6k3m,293,http://www.speedrun.com/sm64/run/yjqq6k3m,2025-08-10T23:56:23Z,497.0,497.0,8dw9eqmj,Logaaaaan64,Australia,N64,Yes
300,z166kjjm,293,http://www.speedrun.com/sm64/run/z166kjjm,2025-08-13T08:01:13Z,497.0,497.0,j2wnprnj,blupee,United States,EMU,Yes
301,mkrdrdlz,293,http://www.speedrun.com/sm64/run/mkrdrdlz,2025-12-09T08:00:09Z,497.0,497.0,8ek14278,Zinsch,Denmark,EMU,Yes
302,m79j2d5y,303,http://www.speedrun.com/sm64/run/m79j2d5y,2018-03-27T00:54:48Z,498.0,498.0,68wegq8g,Custom,Canada,N64,Yes
303,znpv3vvm,303,http://www.speedrun.com/sm64/run/znpv3vvm,2022-06-13T06:42:16Z,498.0,498.0,8end5g78,SonicGordon6,United States,EMU,Yes
304,m7eg2pez,303,http://www.speedrun.com/sm64/run/m7eg2pez,2024-12-27T10:25:42Z,498.0,498.0,8vkrryvj,Jodie64,Germany,EMU,Yes
305,zx5lj25m,303,http://www.speedrun.com/sm64/run/zx5lj25m,2025-11-25T15:42:39Z,498.0,498.0,qjn5rg1j,Leupho,France,N64,Yes
306,yo5ed85z,303,http://www.speedrun.com/sm64/run/yo5ed85z,2026-01-18T12:28:24Z,498.0,498.0,j23vzoox,HighFiveGhost,United States,EMU,Yes
307,zgp2r10z,308,http://www.speedrun.com/sm64/run/zgp2r10z,2022-06-08T19:00:34Z,499.0,499.0,8l02n628,mojopug,Spain,EMU,Yes
308,mr0lx18m,308,http://www.speedrun.com/sm64/run/mr0lx18m,2025-02-17T18:46:42Z,499.0,499.0,xy5g6zv8,Nation_LIVE,United States,N64,Yes
309,yw25r12y,308,http://www.speedrun.com/sm64/run/yw25r12y,2025-08-18T19:51:24Z,499.0,499.0,x76047vj,PhoenixSixtyFour,United States,N64,Yes
310,8yv956xz,308,http://www.speedrun.com/sm64/run/8yv956xz,2015-07-30T06:28:02Z,499.0,499.0,5j52e9qj,GUTOA,Japan,N64,No
311,7ylpdkmp,312,http://www.speedrun.com/sm64/run/7ylpdkmp,,500.0,500.0,18ql07jn,luke994,England,N64,Yes
312,0zn35k9y,312,http://www.speedrun.com/sm64/run/0zn35k9y,2015-07-30T06:30:50Z,500.0,500.0,e8e6k12j,kumasyatyou,Japan,N64,No
313,y92xxe2z,312,http://www.speedrun.com/sm64/run/y92xxe2z,2018-11-11T07:52:52Z,500.0,500.0,qxkg359j,SonicFerrari,United States,VC,Yes
314,z0okp99z,312,http://www.speedrun.com/sm64/run/z0okp99z,2022-03-07T00:16:36Z,500.0,500.0,pj02dl98,Hide,United States,N64,Yes
315,y60v48py,312,http://www.speedrun.com/sm64/run/y60v48py,2022-06-25T15:37:17Z,500.0,500.0,v814mkp8,cheese,Spain,N64,Yes
316,yj2pqgom,312,http://www.speedrun.com/sm64/run/yj2pqgom,2023-06-28T21:53:50Z,500.0,500.0,8gezkw7j,Limosick,Mexico,N64,Yes
317,y2891w6y,312,http://www.speedrun.com/sm64/run/y2891w6y,2025-04-19T22:32:52Z,500.0,500.0,864qnk0j,Fripouney,France,EMU,Yes
318,zpqke9xy,319,http://www.speedrun.com/sm64/run/zpqke9xy,2018-02-17T11:43:55Z,501.0,501.0,,,,N64,Yes
319,y423263m,319,http://www.speedrun.com/sm64/run/y423263m,2021-01-20T16:00:51Z,501.0,501.0,y0jmnzx1,thehunterhack,Australia,N64,Yes
320,zgdjwwjz,319,http://www.speedrun.com/sm64/run/zgdjwwjz,2022-02-22T20:12:55Z,501.0,501.0,8g5egl1j,Rayydex,Germany,EMU,Yes
321,zq77pd5m,319,http://www.speedrun.com/sm64/run/zq77pd5m,2022-05-31T21:35:42Z,501.0,501.0,kj90nrj4,Kyrette,United States,VC,No
322,yv8l15xm,319,http://www.speedrun.com/sm64/run/yv8l15xm,2023-02-28T07:49:11Z,501.0,501.0,xyrv6onj,jakegaw6,United States,N64,Yes
323,zpwkrdvy,319,http://www.speedrun.com/sm64/run/zpwkrdvy,2023-07-30T06:10:52Z,501.0,501.0,8v5nwrnj,Michaelguy,United States,EMU,Yes
324,mkwreqxm,319,http://www.speedrun.com/sm64/run/mkwreqxm,2025-08-17T22:33:59Z,501.0,501.0,81mg3vr8,CapnKayso,United States,EMU,Yes
325,zg65vkdm,319,http://www.speedrun.com/sm64/run/zg65vkdm,2025-09-04T08:24:54Z,501.0,501.0,j51r39z8,P_Luizon,Mexico,N64,Yes
326,mr55734y,319,http://www.speedrun.com/sm64/run/mr55734y,2026-01-23T22:44:31Z,501.0,501.0,j2wp4qoj,Miky_,Italy,EMU,Yes
327,8m7oo1ey,328,http://www.speedrun.com/sm64/run/8m7oo1ey,2016-09-28T21:46:00Z,502.0,502.0,qj21mo8k,CartoonBuffoon,,EMU,Yes
328,zp96povm,328,http://www.speedrun.com/sm64/run/zp96povm,2022-06-24T09:28:15Z,502.0,502.0,y8dw9zgj,Alkobakknarko,Norway,N64,Yes
329,y4onxdqz,328,http://www.speedrun.com/sm64/run/y4onxdqz,2023-08-05T22:35:09Z,502.0,502.0,j4q1vpwx,shadowbear,Canada,N64,Yes
330,zpxl2dnm,328,http://www.speedrun.com/sm64/run/zpxl2dnm,2024-08-02T20:48:56Z,502.0,502.0,xk41ok7j,Cosmalano,,N64,Yes
331,m7oon55y,328,http://www.speedrun.com/sm64/run/m7oon55y,2024-10-07T17:34:41Z,502.0,502.0,y8dkzmgj,kmarket,Finland,EMU,Yes
332,y8op07xm,328,http://www.speedrun.com/sm64/run/y8op07xm,2025-03-05T08:49:07Z,502.0,502.0,j26ewg7x,Littlezombie,China,EMU,Yes
333,2ywd582z,334,http://www.speedrun.com/sm64/run/2ywd582z,2015-07-30T06:31:33Z,503.0,503.0,,,,N64,No
334,m31xkvgz,334,http://www.speedrun.com/sm64/run/m31xkvgz,2019-10-22T01:03:57Z,503.0,503.0,18v2l4ej,Zombie2,Canada,EMU,Yes
335,z5j1onem,334,http://www.speedrun.com/sm64/run/z5j1onem,2020-04-08T07:26:53Z,503.0,503.0,o86wzyqx,squidbird,United States,N64,Yes
336,zqwvp2xz,334,http://www.speedrun.com/sm64/run/zqwvp2xz,2020-05-27T14:26:08Z,503.0,503.0,5j594e6x,peta,Japan,N64,Yes
337,zxl9k28z,334,http://www.speedrun.com/sm64/run/zxl9k28z,2021-11-30T02:39:46Z,503.0,503.0,8qzwgr78,toilet64_,United States,N64,Yes
338,z0jrvl9y,334,http://www.speedrun.com/sm64/run/z0jrvl9y,2023-06-13T18:30:28Z,503.0,503.0,8rpp4ogj,zjay64,Germany,N64,Yes
339,zx049wqz,334,http://www.speedrun.com/sm64/run/zx049wqz,2025-05-01T17:03:26Z,503.0,503.0,8lpv62lj,Kzwbz,Valhalla,EMU,Yes
340,zqppjprm,334,http://www.speedrun.com/sm64/run/zqppjprm,2025-08-13T04:49:05Z,503.0,503.0,8r3064w8,JTown2909,United States,N64,Yes
341,z17x5v9z,334,http://www.speedrun.com/sm64/run/z17x5v9z,2025-11-15T03:07:57Z,503.0,503.0,xk3ddzm8,lazycaps,United States,N64,Yes
342,y2r0l1wm,334,http://www.speedrun.com/sm64/run/y2r0l1wm,2025-11-27T04:40:44Z,503.0,503.0,jo2mdg08,Tumbad0,Mexico,EMU,Yes
343,ydo1xrjz,334,http://www.speedrun.com/sm64/run/ydo1xrjz,2025-12-09T21:25:20Z,503.0,503.0,j5q9m3nj,SebMatey,United Kingdom,EMU,Yes
344,yl5x76rz,334,http://www.speedrun.com/sm64/run/yl5x76rz,2026-01-06T21:16:58Z,503.0,503.0,8lrl9qr8,ImNightmare06,Mexico,EMU,Yes
345,6yj67l7z,346,http://www.speedrun.com/sm64/run/6yj67l7z,2015-07-30T06:32:37Z,504.0,504.0,,,,N64,No
346,megnkk3y,346,http://www.speedrun.com/sm64/run/megnkk3y,2024-10-10T18:50:58Z,504.0,504.0,81pv2738,NatetheNut,United States,EMU,Yes
347,m7ok1o0y,346,http://www.speedrun.com/sm64/run/m7ok1o0y,2024-11-13T18:22:09Z,504.0,504.0,8vrk2ynx,knadz,United Kingdom,EMU,Yes
348,y6je0e6m,346,http://www.speedrun.com/sm64/run/y6je0e6m,2025-07-31T09:46:49Z,504.0,504.0,v81100p8,HomerOfSteel,France,EMU,Yes
349,yoee23dz,346,http://www.speedrun.com/sm64/run/yoee23dz,2025-08-10T08:44:30Z,504.0,504.0,8e6goq2j,Superoutplayz,United States,EMU,Yes
350,z127v3ry,351,http://www.speedrun.com/sm64/run/z127v3ry,2022-03-08T16:56:38Z,505.0,505.0,zxze4qex,caleb2112,United States,N64,Yes
351,z0pndk9y,351,http://www.speedrun.com/sm64/run/z0pndk9y,2022-06-10T08:58:11Z,505.0,505.0,v8lem77x,Frost_Byte,United States,N64,Yes
352,znv0p23m,351,http://www.speedrun.com/sm64/run/znv0p23m,2023-06-16T14:06:25Z,505.0,505.0,xyreddzj,squimmie,United States,N64,Yes
353,y6jkneqm,351,http://www.speedrun.com/sm64/run/y6jkneqm,2025-09-14T01:43:33Z,505.0,505.0,8v55qvej,Lucinovic,Netherlands,N64,Yes
354,8y8dl05z,355,http://www.speedrun.com/sm64/run/8y8dl05z,2015-11-06T00:07:39Z,506.0,506.0,v48g37xp,JustinDT,Québec,N64,Yes
355,jy9kjrvz,355,http://www.speedrun.com/sm64/run/jy9kjrvz,2016-07-28T16:59:58Z,506.0,506.0,qjn3egwx,Babass_21,France,EMU,Yes
356,zp8o1wny,355,http://www.speedrun.com/sm64/run/zp8o1wny,2021-10-28T03:59:17Z,506.0,506.0,xy5nqpy8,AIien,United States,N64,Yes
357,y4qxpnnm,355,http://www.speedrun.com/sm64/run/y4qxpnnm,2022-06-06T19:39:11Z,506.0,506.0,8g5kr62j,NaturallyAllen,United States,EMU,Yes
358,zx7wjkgy,355,http://www.speedrun.com/sm64/run/zx7wjkgy,2022-06-20T19:24:32Z,506.0,506.0,98rv2rdj,Perna64,United States,N64,Yes
359,me2dex8m,355,http://www.speedrun.com/sm64/run/me2dex8m,2025-08-24T16:19:58Z,506.0,506.0,qxkppkkj,goofbrush,United Kingdom,N64,No
360,mk52kp1m,361,http://www.speedrun.com/sm64/run/mk52kp1m,2021-08-09T19:40:49Z,507.0,507.0,qjor2nj6,Odme_,United States,VC,Yes
361,m76l1jey,361,http://www.speedrun.com/sm64/run/m76l1jey,2022-07-05T09:00:07Z,507.0,507.0,8geyv5pj,Jake64,United States,N64,Yes
362,y8gg6ldz,361,http://www.speedrun.com/sm64/run/y8gg6ldz,2025-08-13T05:24:19Z,507.0,507.0,8d0125lx,Vipexx64,Germany,EMU,Yes
363,z5193jem,364,http://www.speedrun.com/sm64/run/z5193jem,2019-05-03T23:09:16Z,508.0,508.0,qjn3my2x,Darkman_,France,EMU,Yes
364,yv60dn6z,364,http://www.speedrun.com/sm64/run/yv60dn6z,2020-06-18T10:39:33Z,508.0,508.0,dx394zkx,max25,England,N64,Yes
365,m70dnkey,364,http://www.speedrun.com/sm64/run/m70dnkey,2023-06-11T22:20:16Z,508.0,508.0,1xyky4n8,thags15,United States,N64,Yes
366,y98dk9vz,364,http://www.speedrun.com/sm64/run/y98dk9vz,2023-07-27T06:42:04Z,508.0,508.0,48gye018,Jalapiñecone,Canada,N64,Yes
367,z0xld84z,364,http://www.speedrun.com/sm64/run/z0xld84z,2023-11-26T07:14:06Z,508.0,508.0,81kddqpj,dekitan,Japan,N64,Yes
368,zxqlnp5m,364,http://www.speedrun.com/sm64/run/zxqlnp5m,2024-04-09T12:53:07Z,508.0,508.0,864qwvqj,norogative,United States,EMU,Yes
369,ydl3r9xz,364,http://www.speedrun.com/sm64/run/ydl3r9xz,2024-07-18T03:29:42Z,508.0,508.0,jp6ed5k8,TNewm2215,United States,EMU,Yes
370,y6j89kjm,364,http://www.speedrun.com/sm64/run/y6j89kjm,2025-08-17T19:23:54Z,508.0,508.0,8q34l9oj,LFoxy,,N64,Yes
371,m327dq4y,364,http://www.speedrun.com/sm64/run/m327dq4y,2025-11-14T00:05:44Z,508.0,508.0,8r1gmg6j,Hansel_Panda,United States,N64,Yes
372,mkrv325z,364,http://www.speedrun.com/sm64/run/mkrv325z,2025-12-12T04:09:49Z,508.0,508.0,8eo2q72j,potochi,Japan,N64,Yes
373,pydv7vyn,374,http://www.speedrun.com/sm64/run/pydv7vyn,,509.0,509.0,,,,VC,Yes
374,yopdw1dm,374,http://www.speedrun.com/sm64/run/yopdw1dm,2022-06-06T16:11:11Z,509.0,509.0,8vo6q72x,oxef64,United States,EMU,Yes
375,y626wgqz,374,http://www.speedrun.com/sm64/run/y626wgqz,2023-06-07T05:10:57Z,509.0,509.0,xk4rk32j,Tankfird,United States,N64,Yes
376,zqj2en1m,374,http://www.speedrun.com/sm64/run/zqj2en1m,2023-08-01T01:19:50Z,509.0,509.0,kjp9nvk8,fazerlazer80,United States,N64,Yes
377,m7odn40y,374,http://www.speedrun.com/sm64/run/m7odn40y,2024-08-15T02:46:31Z,509.0,509.0,98ryllqj,Fizz,United States,N64,Yes
378,ydvrgowy,374,http://www.speedrun.com/sm64/run/ydvrgowy,2025-01-12T22:11:47Z,509.0,509.0,8w71kz3x,tabekkodoubutu,Japan,N64,Yes
379,9menw9m7,380,http://www.speedrun.com/sm64/run/9menw9m7,2023-10-04T18:47:34Z,510.0,510.0,,,,N64,Yes
380,m31xj74z,380,http://www.speedrun.com/sm64/run/m31xj74z,2019-10-22T20:36:55Z,510.0,510.0,98rqq3gx,Kongtastic,Germany,EMU,Yes
381,znrjkrvy,380,http://www.speedrun.com/sm64/run/znrjkrvy,2019-10-30T13:47:43Z,510.0,510.0,o86q79qx,YobunTeme,Japan,N64,Yes
382,y25oj86y,380,http://www.speedrun.com/sm64/run/y25oj86y,2020-08-25T22:43:11Z,510.0,510.0,kjp4zn4j,Luvbaseball58,United States,EMU,Yes
383,zpgerjgz,380,http://www.speedrun.com/sm64/run/zpgerjgz,2023-04-05T08:49:35Z,510.0,510.0,x331032x,Myst1c,United States,EMU,Yes
384,m7044q5y,380,http://www.speedrun.com/sm64/run/m7044q5y,2023-08-24T17:35:56Z,510.0,510.0,8r7zwndj,Ayushman4321,India,EMU,Yes
385,yw2216ny,380,http://www.speedrun.com/sm64/run/yw2216ny,2025-08-10T02:50:29Z,510.0,510.0,8dwe65mj,Wookis,United States,EMU,Yes
386,yo3o987y,387,http://www.speedrun.com/sm64/run/yo3o987y,2020-11-30T23:49:14Z,511.0,511.0,zxzn5rex,josiee,United States,N64,Yes
387,m33xnowm,387,http://www.speedrun.com/sm64/run/m33xnowm,2022-06-03T06:13:17Z,511.0,511.0,j5vgqlw8,crazywhw,United States,N64,Yes
388,y4l37r2z,387,http://www.speedrun.com/sm64/run/y4l37r2z,2024-07-18T10:35:13Z,511.0,511.0,7j4rz5m8,TheBarinade,Australia,N64,Yes
389,y8jrkg1z,390,http://www.speedrun.com/sm64/run/y8jrkg1z,2021-12-30T06:04:40Z,512.0,512.0,8r7wykdj,quarters,,N64,Yes
390,zqjq2lrm,390,http://www.speedrun.com/sm64/run/zqjq2lrm,2023-07-28T01:40:12Z,512.0,512.0,8vk60z5j,Falling_Tacos,United States,N64,Yes
391,znv9748m,390,http://www.speedrun.com/sm64/run/znv9748m,2023-07-31T07:04:01Z,512.0,512.0,j92zg478,Bailey_sm64,United States,N64,Yes
392,znv9qj7m,390,http://www.speedrun.com/sm64/run/znv9qj7m,2023-07-31T19:25:40Z,512.0,512.0,8d34ve5x,Blackwall,Norway,EMU,Yes
393,yl5k9e3z,390,http://www.speedrun.com/sm64/run/yl5k9e3z,2025-10-18T15:47:42Z,512.0,512.0,qxknn77x,smythe,England,N64,Yes
394,ydoow0wz,390,http://www.speedrun.com/sm64/run/ydoow0wz,2026-01-23T13:14:55Z,512.0,512.0,81p6mnr8,LFS2001,Brazil,N64,Yes
395,z5v173em,396,http://www.speedrun.com/sm64/run/z5v173em,2021-12-12T05:22:46Z,513.0,513.0,j4r5lm58,Dorious,Australia,N64,Yes
396,z0oxv1oz,396,http://www.speedrun.com/sm64/run/z0oxv1oz,2022-02-11T17:05:30Z,513.0,513.0,zx7lwr6j,SteeleDude42,United States,N64,Yes
397,y886p1wy,396,http://www.speedrun.com/sm64/run/y886p1wy,2022-06-15T19:00:22Z,513.0,513.0,jo2l6w78,PabloDiazViolin,Spain,N64,Yes
398,y6errdqz,396,http://www.speedrun.com/sm64/run/y6errdqz,2024-08-01T22:28:16Z,513.0,513.0,xk3md7m8,The_H_Pandin,Spain,EMU,Yes
399,y6edd5qz,396,http://www.speedrun.com/sm64/run/y6edd5qz,2024-08-13T04:56:33Z,513.0,513.0,xk160d6j,Shigbe,United States,EMU,Yes
400,7ylj3rrm,401,http://www.speedrun.com/sm64/run/7ylj3rrm,2016-11-09T19:33:22Z,514.0,514.0,zx7q2pv8,Beck,United States,VC,Yes
401,yv30p26z,401,http://www.speedrun.com/sm64/run/yv30p26z,2019-10-21T03:08:32Z,514.0,514.0,48goorxp,RetroRuns,England,N64,No
402,zqwqeo5z,401,http://www.speedrun.com/sm64/run/zqwqeo5z,2020-07-19T01:57:54Z,514.0,514.0,kjpev90x,Kiaraosu,Germany,EMU,Yes
403,yje6g3om,401,http://www.speedrun.com/sm64/run/yje6g3om,2024-12-31T20:50:33Z,514.0,514.0,x7qynyv8,prolix64,United States,N64,Yes
404,y4nd46nm,401,http://www.speedrun.com/sm64/run/y4nd46nm,2025-09-09T15:10:38Z,514.0,514.0,j5vvg3z8,McKiix,United States,EMU,Yes
405,2ywjqv2z,406,http://www.speedrun.com/sm64/run/2ywjqv2z,2016-01-13T16:11:07Z,515.0,515.0,0jmo96n8,kyreu,Germany,N64,Yes
406,zpkoq1xy,406,http://www.speedrun.com/sm64/run/zpkoq1xy,2025-03-14T16:58:30Z,515.0,515.0,8qr5nl0j,SullyLikesBigChungus,United States,EMU,Yes
407,mkvk351y,408,http://www.speedrun.com/sm64/run/mkvk351y,2023-01-30T05:31:56Z,516.0,516.0,qj2l0wpx,zachhnl,Australia,EMU,Yes
408,yvp2o84y,408,http://www.speedrun.com/sm64/run/yvp2o84y,2023-06-04T02:30:55Z,516.0,516.0,jml6m9e8,LikelyLana,United States,EMU,Yes
409,zpol6vrm,408,http://www.speedrun.com/sm64/run/zpol6vrm,2025-05-26T11:35:43Z,516.0,516.0,jmo379n8,nintendofanboy08,Finland,N64,Yes
410,y9eqp6vz,408,http://www.speedrun.com/sm64/run/y9eqp6vz,2025-08-31T23:18:06Z,516.0,516.0,jonn3yl8,Bral,Canada,N64,Yes
411,1zx4n28y,408,http://www.speedrun.com/sm64/run/1zx4n28y,2015-02-19T16:20:59Z,516.0,516.0,y8d4po86,Toufool,United States,N64,No
412,9yoq07zx,413,http://www.speedrun.com/sm64/run/9yoq07zx,,517.0,517.0,,,,N64,No
413,oy2d4l5z,413,http://www.speedrun.com/sm64/run/oy2d4l5z,2015-08-04T03:19:56Z,517.0,517.0,98rrd381,srb,Germany,N64,Yes
414,8m7jgpwm,413,http://www.speedrun.com/sm64/run/8m7jgpwm,2017-01-13T00:52:44Z,517.0,517.0,zxz97kn8,Drogie,Switzerland,N64,Yes
415,zx37e58z,413,http://www.speedrun.com/sm64/run/zx37e58z,2023-06-30T03:18:59Z,517.0,517.0,7j41p5j1,SuperViperT302,United States,N64,Yes
416,zpd3388z,413,http://www.speedrun.com/sm64/run/zpd3388z,2022-08-20T16:35:51Z,517.0,517.0,xz79p1nj,tanepota,Japan,N64,Yes
417,y2ge75wz,413,http://www.speedrun.com/sm64/run/y2ge75wz,2023-07-01T21:27:11Z,517.0,517.0,86vp263j,OdieB,Canada,N64,Yes
418,z1o3njwm,419,http://www.speedrun.com/sm64/run/z1o3njwm,2020-09-16T00:58:13Z,518.0,518.0,e8ezrq68,Yale,United States,N64,Yes
419,9me6poqz,419,http://www.speedrun.com/sm64/run/9me6poqz,2015-07-30T06:35:21Z,518.0,518.0,,,,N64,No
420,wzpk68yq,421,http://www.speedrun.com/sm64/run/wzpk68yq,,519.0,519.0,,,,N64,Yes
421,z004ek4z,421,http://www.speedrun.com/sm64/run/z004ek4z,2025-08-28T06:04:10Z,519.0,519.0,kj9novo8,MathsVlog,United States,EMU,Yes
422,yd4kdejy,421,http://www.speedrun.com/sm64/run/yd4kdejy,2025-09-14T07:40:48Z,519.0,519.0,pj0zm38w,Geenix,United States,N64,Yes
423,yl571e2z,421,http://www.speedrun.com/sm64/run/yl571e2z,2025-11-30T09:53:20Z,519.0,519.0,o864rdqj,yungrick,United States,N64,Yes
424,y97gn0nm,425,http://www.speedrun.com/sm64/run/y97gn0nm,2018-03-23T13:24:14Z,520.0,520.0,,,,N64,Yes
425,y6628opy,425,http://www.speedrun.com/sm64/run/y6628opy,2021-03-02T04:12:35Z,520.0,520.0,48gzok1j,VeryJuicy,United States,N64,Yes
426,ywjw1j9z,425,http://www.speedrun.com/sm64/run/ywjw1j9z,2022-02-22T03:49:10Z,520.0,520.0,j51g9oz8,C0rset_,,N64,Yes
427,yvqekjem,425,http://www.speedrun.com/sm64/run/yvqekjem,2022-03-15T07:13:40Z,520.0,520.0,98rp5e6j,Paracusia,Australia,N64,Yes
428,zg2kqovy,425,http://www.speedrun.com/sm64/run/zg2kqovy,2022-12-20T22:46:41Z,520.0,520.0,j2yzn568,gamer_nl,Netherlands,EMU,Yes
429,yl6o8w3y,425,http://www.speedrun.com/sm64/run/yl6o8w3y,2023-06-07T19:28:40Z,520.0,520.0,y8d95gox,Edgar3EEE,United States,N64,Yes
430,ylx0o0xy,425,http://www.speedrun.com/sm64/run/ylx0o0xy,2024-07-22T19:51:19Z,520.0,520.0,8w1wng4x,moltres93,United States,N64,Yes
431,z56l17gy,425,http://www.speedrun.com/sm64/run/z56l17gy,2026-01-10T17:41:51Z,520.0,520.0,xyqggrn8,Render19,United States,EMU,Yes
432,z05086em,433,http://www.speedrun.com/sm64/run/z05086em,2020-08-02T02:20:28Z,521.0,521.0,48gkmp2j,mercredi,Canada,N64,Yes
433,yjpd9l7y,433,http://www.speedrun.com/sm64/run/yjpd9l7y,2022-06-05T06:03:28Z,521.0,521.0,8l05yv48,zGamuT,United States,EMU,Yes
434,m7o19o0y,435,http://www.speedrun.com/sm64/run/m7o19o0y,2024-07-06T04:12:14Z,522.0,522.0,jm3z2mn8,ZtheSunflower,,EMU,No
435,y6jdq96m,435,http://www.speedrun.com/sm64/run/y6jdq96m,2025-06-08T20:16:30Z,522.0,522.0,y8d0grgx,osum,United Kingdom,N64,Yes
436,zg98g4jm,435,http://www.speedrun.com/sm64/run/zg98g4jm,2025-12-26T01:00:23Z,522.0,522.0,86rzyvw8,Keingz7,Spain,EMU,Yes
437,zpq247gy,438,http://www.speedrun.com/sm64/run/zpq247gy,2017-09-26T22:04:56Z,523.0,523.0,dx35v6ej,MrMeanMoustache,Netherlands,N64,Yes
438,mk5ox93m,438,http://www.speedrun.com/sm64/run/mk5ox93m,2021-10-25T04:31:16Z,523.0,523.0,j2yr37n8,QuizzicuL,United States,EMU,Yes
439,z5v1l9gm,438,http://www.speedrun.com/sm64/run/z5v1l9gm,2021-12-16T01:09:23Z,523.0,523.0,18q1910x,_brian,Djibouti,N64,Yes
440,yjxgq8nz,438,http://www.speedrun.com/sm64/run/yjxgq8nz,2022-01-08T10:11:13Z,523.0,523.0,zx7qpq68,Sodaftmn,Mexico,N64,Yes
441,ywrkwg9m,438,http://www.speedrun.com/sm64/run/ywrkwg9m,2023-06-18T02:23:51Z,523.0,523.0,xkml027j,HeyesLIVE,Wales,EMU,Yes
442,mk0oo23z,438,http://www.speedrun.com/sm64/run/mk0oo23z,2023-08-02T00:12:58Z,523.0,523.0,8geyo77j,Leysauce,United States,N64,Yes
443,ywn93o9y,438,http://www.speedrun.com/sm64/run/ywn93o9y,2024-02-03T07:11:41Z,523.0,523.0,8ew775p8,dewgong,,EMU,Yes
444,z0d7164y,438,http://www.speedrun.com/sm64/run/z0d7164y,2024-03-31T20:31:05Z,523.0,523.0,xk3y91m8,ChefNick,United States,VC,Yes
445,z0qwqn9m,438,http://www.speedrun.com/sm64/run/z0qwqn9m,2024-07-09T18:02:32Z,523.0,523.0,8r2ngoqx,reallifebutters,United States,N64,Yes
446,zqq1339z,438,http://www.speedrun.com/sm64/run/zqq1339z,2024-08-12T01:26:12Z,523.0,523.0,8d3mywlx,ross3102,United States,N64,Yes
447,y9w543nz,438,http://www.speedrun.com/sm64/run/y9w543nz,2025-10-18T00:04:33Z,523.0,523.0,863k6y38,Pounouche,France,N64,Yes
448,1zx3xwkz,449,http://www.speedrun.com/sm64/run/1zx3xwkz,2016-06-23T21:04:33Z,524.0,524.0,kj96o2nj,bluntslide42,United States,VC,Yes
449,y810k3nz,449,http://www.speedrun.com/sm64/run/y810k3nz,2019-11-05T09:11:16Z,524.0,524.0,qxkk329x,JCoolEdge,South Korea,EMU,Yes
450,yj1kj5gy,449,http://www.speedrun.com/sm64/run/yj1kj5gy,2021-01-16T01:10:10Z,524.0,524.0,xz9006e8,jasoony,Canada,EMU,Yes
451,yvrrek6z,449,http://www.speedrun.com/sm64/run/yvrrek6z,2022-06-01T10:24:24Z,524.0,524.0,86nnyy0x,Valancic,England,VC,Yes
452,ylnpekrz,449,http://www.speedrun.com/sm64/run/ylnpekrz,2023-03-12T15:38:52Z,524.0,524.0,xyrkgynj,Jando112,Germany,EMU,Yes
453,yvprd7ey,449,http://www.speedrun.com/sm64/run/yvprd7ey,2023-06-29T21:52:32Z,524.0,524.0,joo4ykej,Battaflai,Germany,EMU,Yes
454,yonl76dz,449,http://www.speedrun.com/sm64/run/yonl76dz,2023-07-06T18:51:52Z,524.0,524.0,j067dn4j,mamamiamoto,United States,N64,Yes
455,nz1ve7ze,456,http://www.speedrun.com/sm64/run/nz1ve7ze,,525.0,525.0,,,,VC,Yes
456,z1jeoxgz,456,http://www.speedrun.com/sm64/run/z1jeoxgz,2020-03-05T11:02:24Z,525.0,525.0,8e9nrrdj,mario152,Canada,VC,No
457,m3x3gn4m,456,http://www.speedrun.com/sm64/run/m3x3gn4m,2022-09-05T18:02:48Z,525.0,525.0,zx762vj7,Luco,United States,VC,Yes
458,ylx9o72y,456,http://www.speedrun.com/sm64/run/ylx9o72y,2024-07-12T19:27:41Z,525.0,525.0,816nqwqx,Zaikenator,United States,N64,Yes
459,zgo7owvm,456,http://www.speedrun.com/sm64/run/zgo7owvm,2024-07-20T02:42:56Z,525.0,525.0,8r7eqr6j,Itz_Me_Coreyyy,United States,N64,Yes
460,jy98ro2z,461,http://www.speedrun.com/sm64/run/jy98ro2z,2016-07-01T14:37:54Z,526.0,526.0,,,,N64,Yes
461,y97pqvem,461,http://www.speedrun.com/sm64/run/y97pqvem,2018-02-17T11:46:09Z,526.0,526.0,,,,N64,Yes
462,m3gelngz,461,http://www.speedrun.com/sm64/run/m3gelngz,2021-01-10T05:13:37Z,526.0,526.0,8d3g60gx,prl,United States,N64,Yes
463,yle5l6xz,461,http://www.speedrun.com/sm64/run/yle5l6xz,2022-03-08T00:29:06Z,526.0,526.0,18q6w4wj,Waterbird165,United States,N64,Yes
464,ywj781nz,461,http://www.speedrun.com/sm64/run/ywj781nz,2022-03-17T01:01:13Z,526.0,526.0,863719q8,BananilsonFarofa,Brazil,EMU,Yes
465,mrl4vr4m,461,http://www.speedrun.com/sm64/run/mrl4vr4m,2023-06-05T21:12:33Z,526.0,526.0,8vo9o92x,Carlos64,Spain,EMU,Yes
466,yw56e0py,461,http://www.speedrun.com/sm64/run/yw56e0py,2025-12-03T19:13:16Z,526.0,526.0,xkmp2wkj,Satoimo,Japan,N64,Yes
467,jy9pjvm4,468,http://www.speedrun.com/sm64/run/jy9pjvm4,2023-10-04T18:47:00Z,527.0,527.0,,,,N64,Yes
468,yjp9opgy,468,http://www.speedrun.com/sm64/run/yjp9opgy,2022-06-28T22:54:54Z,527.0,527.0,qjnrkvqx,Techno6377,United States,EMU,Yes
469,y96kx2ny,468,http://www.speedrun.com/sm64/run/y96kx2ny,2023-02-23T06:14:42Z,527.0,527.0,jmzdp7nx,Maherioh,,EMU,Yes
470,mk0gxp3z,468,http://www.speedrun.com/sm64/run/mk0gxp3z,2023-06-13T00:08:32Z,527.0,527.0,x7w7vor8,jokehow,United States,N64,Yes
471,yonpjq5z,468,http://www.speedrun.com/sm64/run/yonpjq5z,2023-06-25T20:48:20Z,527.0,527.0,j52mydgj,txsomb,United States,N64,Yes
472,yvx18lez,468,http://www.speedrun.com/sm64/run/yvx18lez,2024-08-14T13:10:39Z,527.0,527.0,8ge47mrj,bugofcake,England,N64,Yes
473,y68jqrqz,468,http://www.speedrun.com/sm64/run/y68jqrqz,2026-01-18T23:09:15Z,527.0,527.0,jo35vg3j,_gabby_,Italy,EMU,Yes
474,0y6d70qm,475,http://www.speedrun.com/sm64/run/0y6d70qm,2015-09-24T12:22:38Z,528.0,528.0,1xy5q9y8,Xiartic_,Finland,N64,Yes
475,z5v0d9jm,475,http://www.speedrun.com/sm64/run/z5v0d9jm,2022-01-02T20:49:57Z,528.0,528.0,xzld0398,ANYUJIN,Japan,N64,Yes
476,me1r3lqy,475,http://www.speedrun.com/sm64/run/me1r3lqy,2022-11-23T00:42:46Z,528.0,528.0,8g547vyj,RealPrimeSub,United States,N64,Yes
477,ydlqe8jz,475,http://www.speedrun.com/sm64/run/ydlqe8jz,2024-07-13T03:21:38Z,528.0,528.0,j0wnym48,BJCMD,Chile,EMU,Yes
478,y4lr9enz,475,http://www.speedrun.com/sm64/run/y4lr9enz,2024-08-11T17:09:35Z,528.0,528.0,8q5172w8,AbyssGD,United States,EMU,Yes
479,y8o97pdm,475,http://www.speedrun.com/sm64/run/y8o97pdm,2024-12-17T10:32:59Z,528.0,528.0,8w1de74x,aflyingcougar,United States,N64,Yes
480,y2rp0o5m,475,http://www.speedrun.com/sm64/run/y2rp0o5m,2025-11-30T01:29:31Z,528.0,528.0,j5rn12gx,gualimuler,Puerto Rico,EMU,Yes
481,9yo35k1y,475,http://www.speedrun.com/sm64/run/9yo35k1y,2015-07-30T06:36:47Z,528.0,528.0,,,,N64,No
482,wzpl5lnm,483,http://www.speedrun.com/sm64/run/wzpl5lnm,2015-07-30T06:37:34Z,529.0,529.0,,,,N64,No
483,1zqne61z,483,http://www.speedrun.com/sm64/run/1zqne61z,2017-01-20T15:19:55Z,529.0,529.0,qjoyg3x6,Lluuccuuss,England,N64,Yes
484,pyd0o0qz,485,http://www.speedrun.com/sm64/run/pyd0o0qz,2015-07-30T06:38:20Z,530.0,530.0,,,,N64,Yes
485,m317pv4z,485,http://www.speedrun.com/sm64/run/m317pv4z,2019-09-09T09:24:03Z,530.0,530.0,qjnkpqqj,WizardPower,Spain,VC,Yes
486,y8vpgv5z,485,http://www.speedrun.com/sm64/run/y8vpgv5z,2021-03-13T04:39:04Z,530.0,530.0,v8l2mk4x,Yoinkadoodle,United States,EMU,Yes
487,z1pgx1rz,485,http://www.speedrun.com/sm64/run/z1pgx1rz,2022-06-03T17:19:46Z,530.0,530.0,j96mzlnj,zizek,Brazil,EMU,Yes
488,y6g0okpm,485,http://www.speedrun.com/sm64/run/y6g0okpm,2025-01-30T16:13:15Z,530.0,530.0,kjp7ww4j,Unbones,United States,N64,Yes
489,yl51ne2z,485,http://www.speedrun.com/sm64/run/yl51ne2z,2025-12-07T08:36:16Z,530.0,530.0,qj275v68,Nanase,Japan,VC,Yes
490,zn52d6lz,485,http://www.speedrun.com/sm64/run/zn52d6lz,2026-01-04T13:42:23Z,530.0,530.0,xyl621wj,joLEOH,Norway,N64,Yes
491,dy45qpqm,492,http://www.speedrun.com/sm64/run/dy45qpqm,2014-12-25T15:15:19Z,531.0,531.0,qjn25qjm,Levaten,Japan,N64,Yes
492,m351lgqy,492,http://www.speedrun.com/sm64/run/m351lgqy,2020-04-19T16:44:44Z,531.0,531.0,qxkz2mmx,simesaba0708,Japan,N64,Yes
493,yl71w3nm,492,http://www.speedrun.com/sm64/run/yl71w3nm,2022-06-06T04:36:49Z,531.0,531.0,qxkovr28,zach,United States,N64,Yes
494,znv1wr8m,492,http://www.speedrun.com/sm64/run/znv1wr8m,2023-06-08T02:34:13Z,531.0,531.0,8rpq26dj,Midbro_,United States,VC,Yes
495,znv0x2lm,492,http://www.speedrun.com/sm64/run/znv0x2lm,2023-06-17T21:52:19Z,531.0,531.0,8lp3k07j,ItsMalex,Italy,EMU,Yes
496,zxw9j1gm,492,http://www.speedrun.com/sm64/run/zxw9j1gm,2023-09-10T02:38:46Z,531.0,531.0,8q5zw5w8,W10s,Japan,N64,Yes
497,yj95537z,492,http://www.speedrun.com/sm64/run/yj95537z,2024-08-18T18:09:39Z,531.0,531.0,qj2pr078,roddy,Brazil,N64,Yes
498,y2rp5e6m,492,http://www.speedrun.com/sm64/run/y2rp5e6m,2025-11-28T18:25:21Z,531.0,531.0,dx3e5k7j,wRadion,France,N64,Yes
499,y68e0epz,492,http://www.speedrun.com/sm64/run/y68e0epz,2026-01-06T22:00:44Z,531.0,531.0,j46gk6v8,BonoboReviews,Germany,EMU,Yes
