,id,place,speedrun_link,submitted_date,primary_time_seconds,real_time_seconds,player_id,player_name,player_country,platform,verified
0,yol5kxjy,1,http://www.speedrun.com/sm64/run/yol5kxjy,2023-03-23T06:20:48Z,875.5,875.5,jn32931x,Suigi,Canada,N64,Yes
1,zng5delm,2,http://www.speedrun.com/sm64/run/zng5delm,2025-08-21T12:34:44Z,876.42,876.42,kjprmwk8,Weegee,United States,N64,Yes
2,zppddvxz,3,http://www.speedrun.com/sm64/run/zppddvxz,2023-11-25T16:02:09Z,881.21,881.21,1xypyovx,Slipperynip,United States,N64,Yes
3,yoeq9vjz,4,http://www.speedrun.com/sm64/run/yoeq9vjz,2025-08-05T04:05:22Z,889.85,889.85,48g979rx,GTM,Antarctica,N64,Yes
4,y60jnn0y,5,http://www.speedrun.com/sm64/run/y60jnn0y,2022-07-06T19:10:40Z,892.0,892.0,x353dr7j,Finnii602,Germany,VC,Yes
5,ywj1gg9z,6,http://www.speedrun.com/sm64/run/ywj1gg9z,2021-12-09T16:44:16Z,895.81,895.81,kj92gmv8,Dowsky,United States,N64,Yes
6,ydne25xm,7,http://www.speedrun.com/sm64/run/ydne25xm,2024-04-03T19:54:11Z,895.94,895.94,j2www16j,treybordo,United States,N64,Yes
7,y9wjj7ez,8,http://www.speedrun.com/sm64/run/y9wjj7ez,2026-01-02T15:23:04Z,896.03,896.03,xkzm1z9x,MmaARriOy_,Japan,N64,Yes
8,m7w9p0ez,9,http://www.speedrun.com/sm64/run/m7w9p0ez,2021-12-06T01:20:55Z,896.22,896.22,7j40gpw8,tokumeiR,Antarctica,N64,Yes
9,mkv9n63y,10,http://www.speedrun.com/sm64/run/mkv9n63y,2022-12-16T23:55:34Z,896.33,896.33,8vkrw22j,Tag609,United States,N64,Yes
10,znx1l88y,11,http://www.speedrun.com/sm64/run/znx1l88y,2024-08-16T08:52:06Z,896.53,896.53,qxkqkmmx,xandrey,Costa Rica,N64,Yes
11,yj7dqn3y,12,http://www.speedrun.com/sm64/run/yj7dqn3y,2025-12-09T03:13:33Z,896.6,896.6,xkmnnmmj,ZUMMI,Italy,EMU,Yes
12,y86rxp5m,13,http://www.speedrun.com/sm64/run/y86rxp5m,2023-05-29T17:17:59Z,897.46,897.46,e8evzg7x,gamiru,Japan,N64,Yes
13,m7lq074y,14,http://www.speedrun.com/sm64/run/m7lq074y,2025-05-11T23:40:35Z,897.76,897.76,kj9z6pn8,Sunnard,France,EMU,Yes
14,znv35k3m,15,http://www.speedrun.com/sm64/run/znv35k3m,2023-05-31T13:30:57Z,898.1,898.1,jpmk03yj,Zapy,Japan,N64,Yes
15,yv8qgoom,16,http://www.speedrun.com/sm64/run/yv8qgoom,2023-01-23T23:25:36Z,898.33,898.33,jmolpwo8,Raisn,Germany,EMU,Yes
16,yv7077ey,17,http://www.speedrun.com/sm64/run/yv7077ey,2025-07-04T07:54:03Z,898.55,898.55,86nnlvqx,Banova8,France,N64,Yes
17,mk13woly,18,http://www.speedrun.com/sm64/run/mk13woly,2024-07-30T15:29:57Z,898.89,898.89,8wkzer38,Parsee02,Japan,N64,Yes
18,znko377z,19,http://www.speedrun.com/sm64/run/znko377z,2020-05-10T08:36:48Z,899.33,899.33,0jml0zy8,akki,Japan,N64,Yes
19,mr20o6dy,20,http://www.speedrun.com/sm64/run/mr20o6dy,2024-01-05T22:10:02Z,904.73,904.73,7j4mzd5j,Thomkar,Norway,N64,Yes
20,yj9jj23z,21,http://www.speedrun.com/sm64/run/yj9jj23z,2024-07-05T20:58:52Z,904.83,904.83,zxzn3w9x,spener1122,Canada,N64,Yes
21,yv7w97ey,22,http://www.speedrun.com/sm64/run/yv7w97ey,2025-09-12T20:46:00Z,905.23,905.23,5j52dgqj,lunarjump,United States,N64,Yes
22,yje0j1om,23,http://www.speedrun.com/sm64/run/yje0j1om,2025-04-07T01:04:15Z,905.73,905.73,18q652oj,Poke,United States,N64,Yes
23,zgojdojm,24,http://www.speedrun.com/sm64/run/zgojdojm,2024-10-13T02:03:58Z,906.25,906.25,1xy05zjr,turara32767,Japan,N64,Yes
24,y8kojlwy,25,http://www.speedrun.com/sm64/run/y8kojlwy,2024-01-05T05:58:14Z,906.73,906.73,qj2rklpx,cjrokokomero,Italy,N64,Yes
25,zpkxv1vy,26,http://www.speedrun.com/sm64/run/zpkxv1vy,2025-03-07T08:17:34Z,908.39,908.39,j20e4vpx,kusabi,Japan,N64,Yes
26,m3vl8qgz,27,http://www.speedrun.com/sm64/run/m3vl8qgz,2025-07-10T22:33:46Z,908.43,908.43,v8lgdovj,Drac,Brazil,N64,Yes
27,zpw506ry,28,http://www.speedrun.com/sm64/run/zpw506ry,2023-08-08T21:52:14Z,908.63,908.63,j4rpn7d8,Nils,Sweden,N64,Yes
28,y4le92kz,29,http://www.speedrun.com/sm64/run/y4le92kz,2024-07-31T18:36:28Z,909.35,909.35,jm3lqln8,Mauir,Chile,EMU,Yes
29,m36394wm,30,http://www.speedrun.com/sm64/run/m36394wm,2022-01-18T20:20:29Z,909.43,909.43,8wlk4n4j,Kaimatix,England,EMU,Yes
30,y98l6wkz,31,http://www.speedrun.com/sm64/run/y98l6wkz,2023-06-22T16:13:52Z,909.93,909.93,o86vrqpj,Joshua_iz_drunk,Ireland,EMU,Yes
31,zgqk9l0y,32,http://www.speedrun.com/sm64/run/zgqk9l0y,2022-08-11T13:53:17Z,910.6,910.6,xyrqdwmj,Zhilkan,Spain,EMU,Yes
32,mrx6l3dm,33,http://www.speedrun.com/sm64/run/mrx6l3dm,2024-08-25T12:05:47Z,912.16,912.16,8ew0dk28,NotGorilla,Sweden,EMU,Yes
33,yv7eoo6y,34,http://www.speedrun.com/sm64/run/yv7eoo6y,2025-08-23T18:38:04Z,913.33,913.33,8dpk11l8,TheBest2272,Spain,EMU,Yes
34,y8g7lenz,35,http://www.speedrun.com/sm64/run/y8g7lenz,2025-09-09T01:11:59Z,913.56,913.56,zxze2zex,Flixer,United States,N64,Yes
35,z1p04l9z,36,http://www.speedrun.com/sm64/run/z1p04l9z,2022-07-17T17:59:23Z,913.66,913.66,v814mkp8,cheese,Spain,N64,Yes
36,m7x80r4y,37,http://www.speedrun.com/sm64/run/m7x80r4y,2022-08-21T17:24:28Z,913.83,913.83,18v62qyx,Benji64,Austria,N64,Yes
37,yoe89n5z,38,http://www.speedrun.com/sm64/run/yoe89n5z,2025-08-23T06:49:48Z,916.58,916.58,48gqo07j,darkdog47,United States,N64,Yes
38,me10ww3y,39,http://www.speedrun.com/sm64/run/me10ww3y,2022-09-28T06:07:24Z,916.78,916.78,8qzmp678,Jaybomb,United States,N64,Yes
39,zx6jr85z,40,http://www.speedrun.com/sm64/run/zx6jr85z,2021-03-17T16:49:20Z,916.83,916.83,1xy9p1vj,taihou,Japan,EMU,Yes
40,ylx51g2y,41,http://www.speedrun.com/sm64/run/ylx51g2y,2024-10-27T04:27:50Z,917.75,917.75,81611olx,phyxius6,United States,N64,Yes
41,ydllg7xz,42,http://www.speedrun.com/sm64/run/ydllg7xz,2024-10-07T00:56:53Z,917.76,917.76,8d4ywn58,vitroncio,Brazil,N64,Yes
42,mkkp5lvm,43,http://www.speedrun.com/sm64/run/mkkp5lvm,2022-06-23T06:04:14Z,918.0,918.0,jo2mr9n8,marlene,,N64,Yes
43,zg9wpl0m,44,http://www.speedrun.com/sm64/run/zg9wpl0m,2025-10-20T22:44:44Z,919.33,919.33,xkp9696j,Carlo64,Norway,N64,Yes
44,y23o4v5m,45,http://www.speedrun.com/sm64/run/y23o4v5m,2018-05-03T11:10:23Z,919.55,919.55,98r61l38,YuraMofu,Japan,N64,Yes
45,yj8jnodm,46,http://www.speedrun.com/sm64/run/yj8jnodm,2022-12-02T03:46:32Z,919.86,919.86,dx35192j,Dezanig,Brazil,N64,Yes
46,y4645e2z,47,http://www.speedrun.com/sm64/run/y4645e2z,2024-06-18T02:20:39Z,920.3,920.3,y8dz54gj,Maosfx,United States,N64,Yes
47,zpd7w2vz,48,http://www.speedrun.com/sm64/run/zpd7w2vz,2022-11-23T17:48:23Z,920.31,920.31,j0nmelr8,carrickdan,Ireland,N64,Yes
48,zg62n2em,49,http://www.speedrun.com/sm64/run/zg62n2em,2025-07-06T01:01:12Z,921.06,921.06,8lrm6r78,piposaru,Japan,N64,Yes
49,yv778q4y,50,http://www.speedrun.com/sm64/run/yv778q4y,2025-08-12T21:23:26Z,921.45,921.45,1xyd46wx,Kally,United States,N64,Yes
50,zqdvn1rm,51,http://www.speedrun.com/sm64/run/zqdvn1rm,2023-11-05T01:48:59Z,922.1,922.1,j0324nmj,MrDasho,Ecuador,EMU,Yes
51,z52pd7gz,52,http://www.speedrun.com/sm64/run/z52pd7gz,2022-06-13T22:35:39Z,922.81,922.81,dx3wpl2j,MrJimmysteel25,United States,N64,Yes
52,yljpq1rm,53,http://www.speedrun.com/sm64/run/yljpq1rm,2025-08-05T14:38:53Z,922.98,922.98,kjpqrr4x,Goldrush,Japan,N64,Yes
53,zngkw3lm,54,http://www.speedrun.com/sm64/run/zngkw3lm,2025-05-15T13:42:43Z,923.35,923.35,j2ylqn68,Karin,Japan,N64,Yes
54,yl5oel3z,55,http://www.speedrun.com/sm64/run/yl5oel3z,2025-11-03T04:41:19Z,924.06,924.06,81q1oq5j,Ian_1243,Peru,EMU,Yes
55,8m72x69z,56,http://www.speedrun.com/sm64/run/8m72x69z,2016-05-07T15:56:01Z,924.33,924.33,o866w58z,Xiah,Japan,N64,Yes
56,ylx0wxny,57,http://www.speedrun.com/sm64/run/ylx0wxny,2024-07-26T04:32:52Z,924.9,924.9,8vkqwknj,GroundPoundGary,United States,N64,Yes
57,yv7747ey,58,http://www.speedrun.com/sm64/run/yv7747ey,2025-08-09T22:33:22Z,925.0,925.0,jpm2m44j,happydude124,United States,EMU,Yes
58,mrv2odgz,59,http://www.speedrun.com/sm64/run/mrv2odgz,2024-05-10T02:12:52Z,926.0,926.0,zxzqlnrx,Cysse,France,EMU,Yes
59,zpxr19nm,59,http://www.speedrun.com/sm64/run/zpxr19nm,2024-07-28T07:37:50Z,926.0,926.0,98rky4qx,BigCheese,United States,VC,Yes
60,yjx2rrdz,61,http://www.speedrun.com/sm64/run/yjx2rrdz,2022-02-05T16:33:22Z,926.4,926.4,qj2y1r68,JJsrl,United States,N64,Yes
61,yo01q97y,62,http://www.speedrun.com/sm64/run/yo01q97y,2024-07-03T23:44:03Z,926.85,926.85,0jm36qe8,Xein64,Germany,N64,Yes
62,zx5o2wqm,63,http://www.speedrun.com/sm64/run/zx5o2wqm,2025-11-15T02:29:21Z,926.86,926.86,8rpv21dj,ZeusSM64,New Zealand,N64,Yes
63,zg21rxey,64,http://www.speedrun.com/sm64/run/zg21rxey,2023-03-30T17:12:16Z,927.0,927.0,jnz2ykqj,ShaDowSPoweR,France,EMU,Yes
64,m733v75y,65,http://www.speedrun.com/sm64/run/m733v75y,2023-12-19T23:30:16Z,927.28,927.28,x35d1dqj,mdgrav,Norway,N64,Yes
65,zg887xey,66,http://www.speedrun.com/sm64/run/zg887xey,2023-12-15T04:01:38Z,927.38,927.38,pj0l653j,FailmanFlo,Germany,N64,Yes
66,z5wqw1dz,67,http://www.speedrun.com/sm64/run/z5wqw1dz,2025-09-08T04:28:46Z,927.46,927.46,8lpgwllj,Vadien,United States,N64,Yes
67,mex90e3z,68,http://www.speedrun.com/sm64/run/mex90e3z,2019-08-08T20:38:47Z,927.92,927.92,1xyldrvj,anti,,N64,Yes
68,y2886l9y,69,http://www.speedrun.com/sm64/run/y2886l9y,2025-08-14T23:20:14Z,928.0,928.0,8enge328,BenedictFleur123,Netherlands,EMU,Yes
69,zn55429z,70,http://www.speedrun.com/sm64/run/zn55429z,2026-01-21T21:40:44Z,928.26,928.26,j0n10kw8,jaquarium,United States,N64,Yes
70,mexek9qz,71,http://www.speedrun.com/sm64/run/mexek9qz,2019-10-28T12:26:41Z,928.83,928.83,o862d3xz,Biinny,England,N64,Yes
71,mk2jrdlm,72,http://www.speedrun.com/sm64/run/mk2jrdlm,2020-03-21T06:51:31Z,929.0,929.0,dx35yzej,TriforceTK,United States,EMU,Yes
72,zgl8o4em,73,http://www.speedrun.com/sm64/run/zgl8o4em,2024-05-10T23:12:22Z,929.03,929.03,98rl4w38,HorrorDoesSpeedRuns,United States,N64,Yes
73,ylj388nm,74,http://www.speedrun.com/sm64/run/ylj388nm,2025-04-24T20:47:18Z,929.29,929.29,v813p3lx,Armada,Sweden,N64,Yes
74,pm3g2g6z,75,http://www.speedrun.com/sm64/run/pm3g2g6z,2015-07-30T06:58:05Z,929.36,929.36,,,,N64,Yes
75,mr4p3e7z,76,http://www.speedrun.com/sm64/run/mr4p3e7z,2021-04-01T22:49:08Z,930.0,930.0,98r294wx,NawidNation,Canada,VC,Yes
76,yo0wog1y,76,http://www.speedrun.com/sm64/run/yo0wog1y,2024-06-27T16:11:38Z,930.0,930.0,7j47lplj,dumpdome64,United States,EMU,Yes
77,yvx70jez,76,http://www.speedrun.com/sm64/run/yvx70jez,2024-10-20T01:34:35Z,930.0,930.0,xyrdnrnj,Chemus,Brazil,EMU,Yes
78,zxjeo18y,76,http://www.speedrun.com/sm64/run/zxjeo18y,2025-04-15T12:56:05Z,930.0,930.0,8w3rpm4j,Zeohite,France,EMU,Yes
79,zx0njj8z,76,http://www.speedrun.com/sm64/run/zx0njj8z,2025-07-10T03:11:44Z,930.0,930.0,qj234l7x,Petalite,Brazil,EMU,Yes
80,z1rkonrm,81,http://www.speedrun.com/sm64/run/z1rkonrm,2021-06-13T19:38:18Z,930.16,930.16,zx76v0j7,Taggo,Sweden,N64,Yes
81,zx6x8eqz,82,http://www.speedrun.com/sm64/run/zx6x8eqz,2021-03-12T03:26:22Z,930.33,930.33,x354692j,manxmud,United States,N64,Yes
82,ywnk7lpy,83,http://www.speedrun.com/sm64/run/ywnk7lpy,2023-11-05T15:46:00Z,930.4,930.4,0jmo9zn8,Redmoss,United States,N64,Yes
83,mkw0qe3m,84,http://www.speedrun.com/sm64/run/mkw0qe3m,2025-07-15T12:50:45Z,930.73,930.73,xzlelze8,xWicko,Australia,N64,Yes
84,ylxlv43y,85,http://www.speedrun.com/sm64/run/ylxlv43y,2024-09-21T18:54:18Z,931.0,931.0,8dpn5mg8,tiles_,Ireland,EMU,Yes
85,z0jo824y,86,http://www.speedrun.com/sm64/run/z0jo824y,2023-06-23T15:59:33Z,931.36,931.36,8vo90m5x,Nicolascs83,Spain,N64,Yes
86,zxo5j98z,87,http://www.speedrun.com/sm64/run/zxo5j98z,2021-11-05T02:38:48Z,931.56,931.56,qxk4wo6j,saksdal,United States,N64,Yes
87,yvvddv6y,88,http://www.speedrun.com/sm64/run/yvvddv6y,2024-02-06T00:04:35Z,932.0,932.0,v816eo5x,Soda,,VC,Yes
88,y8g4rgwz,88,http://www.speedrun.com/sm64/run/y8g4rgwz,2025-08-29T03:00:14Z,932.0,932.0,xk4zke6j,ElDeve,Argentina,EMU,No
89,yj7wxvdy,88,http://www.speedrun.com/sm64/run/yj7wxvdy,2025-12-26T16:08:09Z,932.0,932.0,8v06pg5x,MILO218GX,Venezuela,EMU,Yes
90,m7d3r6wm,91,http://www.speedrun.com/sm64/run/m7d3r6wm,2021-06-16T14:55:34Z,932.06,932.06,kjpqy9yx,Gainai,Germany,N64,Yes
91,m3l40vgm,91,http://www.speedrun.com/sm64/run/m3l40vgm,2023-04-08T02:03:32Z,932.06,932.06,x35rvpkj,Scythamer,United States,N64,Yes
92,me2p0d0m,93,http://www.speedrun.com/sm64/run/me2p0d0m,2025-08-19T04:27:20Z,932.11,932.11,xko6o278,Seceon,Chile,N64,Yes
93,yd4xdq0y,94,http://www.speedrun.com/sm64/run/yd4xdq0y,2025-08-30T01:52:54Z,932.69,932.69,j4r5lm58,Dorious,Australia,N64,Yes
94,y9e48vkz,95,http://www.speedrun.com/sm64/run/y9e48vkz,2025-09-15T02:18:48Z,932.88,932.88,8w139m3x,oatslice,Australia,N64,Yes
95,zpok558m,96,http://www.speedrun.com/sm64/run/zpok558m,2025-08-08T16:57:59Z,933.0,933.0,jo3w720j,JumboJolt,Antarctica,EMU,Yes
96,z5w4exnz,96,http://www.speedrun.com/sm64/run/z5w4exnz,2025-08-30T17:33:43Z,933.0,933.0,8e6vr17j,piegolds,Australia,EMU,Yes
97,y25dx8jy,98,http://www.speedrun.com/sm64/run/y25dx8jy,2020-05-03T13:46:58Z,933.13,933.13,zxzpz50j,Fafel,Japan,N64,Yes
98,y6vl5p0m,99,http://www.speedrun.com/sm64/run/y6vl5p0m,2024-03-02T01:09:02Z,933.35,933.35,18q6977j,Burnito,France,N64,Yes
99,z07xvv9y,100,http://www.speedrun.com/sm64/run/z07xvv9y,2021-10-07T23:17:32Z,933.99,933.99,o86nzl0x,Xoofey,United States,N64,Yes
100,z0xlo2oz,101,http://www.speedrun.com/sm64/run/z0xlo2oz,2023-11-25T00:00:29Z,934.0,934.0,8e6k1loj,Phoenix,Australia,VC,Yes
101,zg64p2em,102,http://www.speedrun.com/sm64/run/zg64p2em,2025-09-14T08:50:57Z,934.7,934.7,xzlq0er8,ricefarm41,United States,N64,Yes
102,y2go7kjz,103,http://www.speedrun.com/sm64/run/y2go7kjz,2023-08-27T13:57:24Z,934.76,934.76,68wwn48g,Mitagi,Japan,N64,Yes
103,z0025v4z,104,http://www.speedrun.com/sm64/run/z0025v4z,2025-08-22T20:42:36Z,934.83,934.83,48g7gd18,jepega,Netherlands,N64,Yes
104,yl4p552m,105,http://www.speedrun.com/sm64/run/yl4p552m,2019-02-14T09:58:12Z,935.0,935.0,5j5v2nz8,Shans,Australia,EMU,Yes
105,yox7k3jy,106,http://www.speedrun.com/sm64/run/yox7k3jy,2024-08-12T15:10:04Z,935.53,935.53,x359w0kj,mads_x3,Australia,N64,Yes
106,z5xn4n5y,107,http://www.speedrun.com/sm64/run/z5xn4n5y,2022-11-06T17:49:38Z,936.0,936.0,zx7dz1vx,AlejoWasHere,Spain,EMU,Yes
107,dy4e0eqm,108,http://www.speedrun.com/sm64/run/dy4e0eqm,2015-07-30T06:59:18Z,937.56,937.56,kj9lkowj,batora,Japan,N64,Yes
108,y68orw0z,109,http://www.speedrun.com/sm64/run/y68orw0z,2025-12-12T18:11:58Z,937.71,937.71,864vnd5j,Louis64,Germany,N64,Yes
109,y9ej3o2z,110,http://www.speedrun.com/sm64/run/y9ej3o2z,2025-07-25T05:10:21Z,937.86,937.86,x7qqopy8,Kudo,France,N64,Yes
110,y8jljkwz,111,http://www.speedrun.com/sm64/run/y8jljkwz,2022-03-12T19:45:18Z,937.98,937.98,x35wo52j,2porridge,United States,N64,No
111,y8e1kdwy,112,http://www.speedrun.com/sm64/run/y8e1kdwy,2021-08-10T15:34:12Z,938.0,938.0,xz9z40r8,zMatt_,Italy,EMU,Yes
112,zqpno41m,112,http://www.speedrun.com/sm64/run/zqpno41m,2025-08-27T00:33:12Z,938.0,938.0,8v5253yj,taciturn,United States,EMU,Yes
113,ydop3kwz,112,http://www.speedrun.com/sm64/run/ydop3kwz,2026-01-27T07:04:55Z,938.0,938.0,8vrlwknx,Baladron11,Chile,EMU,Yes
114,y9e8l02z,115,http://www.speedrun.com/sm64/run/y9e8l02z,2025-07-14T01:26:49Z,939.0,939.0,8vo9o92x,Carlos64,Spain,EMU,Yes
115,z1lp2jjm,116,http://www.speedrun.com/sm64/run/z1lp2jjm,2023-06-26T23:58:20Z,939.06,939.06,18vk21yj,Tabascoth,Austria,N64,Yes
116,y9jxdnrm,117,http://www.speedrun.com/sm64/run/y9jxdnrm,2024-04-23T02:47:11Z,939.17,939.17,8v21mo5j,rawzlyn,United States,N64,Yes
117,y8jknj5z,118,http://www.speedrun.com/sm64/run/y8jknj5z,2022-02-10T18:42:38Z,939.2,939.2,8gee7n7j,LxqZach,Germany,N64,Yes
118,megkkg3y,119,http://www.speedrun.com/sm64/run/megkkg3y,2024-07-11T17:33:52Z,940.0,940.0,jnzgrmwj,CyanogenSm64,Uzbekistan,VC,No
119,yj91117z,120,http://www.speedrun.com/sm64/run/yj91117z,2024-08-07T13:55:29Z,941.0,941.0,8ek64w68,mAf1sss,Israel,EMU,Yes
120,y4n5823m,120,http://www.speedrun.com/sm64/run/y4n5823m,2025-04-27T14:21:05Z,941.0,941.0,xz27094x,Sadr,France,EMU,Yes
121,yv5qprxm,122,http://www.speedrun.com/sm64/run/yv5qprxm,2025-11-24T14:29:54Z,941.33,941.33,86nqn6wx,Susano130,Japan,N64,Yes
122,zn75v48m,123,http://www.speedrun.com/sm64/run/zn75v48m,2022-03-07T17:53:00Z,941.57,941.57,v81ddq38,Smau,Finland,N64,Yes
123,zn4kk07m,124,http://www.speedrun.com/sm64/run/zn4kk07m,2018-07-24T19:00:10Z,942.0,942.0,98rp5e6j,Paracusia,Australia,EMU,Yes
124,ywr1g1pm,124,http://www.speedrun.com/sm64/run/ywr1g1pm,2023-05-03T21:26:03Z,942.0,942.0,8g51pypj,LinuxHater,Spain,EMU,Yes
125,ywrok59m,126,http://www.speedrun.com/sm64/run/ywrok59m,2023-08-16T00:13:02Z,942.06,942.06,j5wo65gj,Blahaj64,Canada,N64,Yes
126,y9wl7o2z,127,http://www.speedrun.com/sm64/run/y9wl7o2z,2025-11-21T06:16:11Z,942.2,942.2,x77dy6qx,symplicial,United States,N64,Yes
127,yj9vrogz,128,http://www.speedrun.com/sm64/run/yj9vrogz,2024-11-12T06:31:13Z,942.46,942.46,x72zygq8,Avasion,United States,N64,Yes
128,mrdplk7z,129,http://www.speedrun.com/sm64/run/mrdplk7z,2025-08-30T21:17:12Z,942.56,942.56,8v57kgvj,GrievousD2,Canada,N64,Yes
129,yvowlo8z,130,http://www.speedrun.com/sm64/run/yvowlo8z,2021-11-27T16:15:40Z,942.83,942.83,dx394zkx,max25,England,N64,Yes
130,m78k20wz,131,http://www.speedrun.com/sm64/run/m78k20wz,2021-04-04T00:49:24Z,943.0,943.0,pj0o24rj,Aleph64,Germany,VC,Yes
131,y2kjk1jy,132,http://www.speedrun.com/sm64/run/y2kjk1jy,2023-12-02T16:32:16Z,943.1,943.1,,,,N64,Yes
132,ywn1eg0y,133,http://www.speedrun.com/sm64/run/ywn1eg0y,2023-09-11T21:56:36Z,943.33,943.33,j2636gox,smc_,Scotland,N64,Yes
133,ydvwgdqy,134,http://www.speedrun.com/sm64/run/ydvwgdqy,2025-01-25T01:19:34Z,944.06,944.06,8q3lvp7j,Nagol64m,United States,N64,Yes
134,mel4d83z,135,http://www.speedrun.com/sm64/run/mel4d83z,2023-06-18T17:05:29Z,944.51,944.51,8gee0n2j,Doginator,United States,N64,Yes
135,ywxqx83m,136,http://www.speedrun.com/sm64/run/ywxqx83m,2024-08-15T04:33:53Z,944.7,944.7,qjn77418,sorichi,Japan,N64,No
136,megxg89y,137,http://www.speedrun.com/sm64/run/megxg89y,2024-07-24T21:52:41Z,945.0,945.0,pj0eny48,scoagogo,Northern Ireland,EMU,Yes
137,2yww50y4,138,http://www.speedrun.com/sm64/run/2yww50y4,2024-07-20T02:17:51Z,946.0,946.0,e8eepzo8,alextolio,Greece,VC,No
138,y629196z,138,http://www.speedrun.com/sm64/run/y629196z,2023-06-19T04:27:20Z,946.0,946.0,xk31v928,Dude095,United States,EMU,Yes
139,yoegp7dz,138,http://www.speedrun.com/sm64/run/yoegp7dz,2025-08-30T03:24:08Z,946.0,946.0,8rperewj,nahobox,Scotland,EMU,Yes
140,yljwxq3m,138,http://www.speedrun.com/sm64/run/yljwxq3m,2025-08-31T17:39:39Z,946.0,946.0,joo3093j,ChiaraSM64,France,EMU,Yes
141,y6jkepqm,138,http://www.speedrun.com/sm64/run/y6jkepqm,2025-09-15T22:24:17Z,946.0,946.0,qxkrpqm8,Dackage,United States,EMU,Yes
142,y6e79ejz,143,http://www.speedrun.com/sm64/run/y6e79ejz,2024-07-13T06:20:10Z,946.16,946.16,18vkpkyj,KobrahCJ,United States,N64,Yes
143,y4809eqm,144,http://www.speedrun.com/sm64/run/y4809eqm,2022-03-05T02:30:40Z,946.64,946.64,qxkovg98,gohanie,Japan,N64,Yes
144,z1lgk47m,145,http://www.speedrun.com/sm64/run/z1lgk47m,2023-07-03T07:38:47Z,946.81,946.81,jm392d48,k8ehops,United States,N64,Yes
145,ylx4153y,146,http://www.speedrun.com/sm64/run/ylx4153y,2024-07-19T03:43:51Z,947.0,947.0,qjnw4rdj,CapruSin,United States,EMU,Yes
146,yv7v0l6y,146,http://www.speedrun.com/sm64/run/yv7v0l6y,2025-07-20T16:02:53Z,947.0,947.0,8eewvpp8,sazan,Japan,VC,Yes
147,m326jo4y,146,http://www.speedrun.com/sm64/run/m326jo4y,2025-11-25T06:53:42Z,947.0,947.0,8qrwg4dj,nicov2k,United States,EMU,Yes
148,mkrdpo5z,149,http://www.speedrun.com/sm64/run/mkrdpo5z,2025-12-08T03:53:02Z,947.37,947.37,jm0wk0y8,Kayleee,Canada,N64,Yes
149,y2poq0wz,150,http://www.speedrun.com/sm64/run/y2poq0wz,2022-07-22T06:38:39Z,947.4,947.4,j4rg3z58,CheesyLeech,United States,N64,Yes
150,y289np9y,151,http://www.speedrun.com/sm64/run/y289np9y,2025-04-23T07:54:53Z,947.44,947.44,pj0rd9mj,Gemini_,Australia,N64,Yes
151,z5lkwkey,152,http://www.speedrun.com/sm64/run/z5lkwkey,2025-02-23T16:33:05Z,947.9,947.9,8qz5qoq8,BizzareScape,Mexico,N64,Yes
152,yo4rk57m,153,http://www.speedrun.com/sm64/run/yo4rk57m,2017-09-27T17:10:41Z,947.94,947.94,qxk45r6j,hokorobi,Japan,N64,Yes
153,y8gnqpnz,154,http://www.speedrun.com/sm64/run/y8gnqpnz,2025-08-16T01:09:43Z,947.99,947.99,8r7412qj,Rynnoo,United States,N64,Yes
154,zxw3k25m,155,http://www.speedrun.com/sm64/run/zxw3k25m,2023-12-07T10:06:10Z,948.0,948.0,8w1rr94x,sanj,Canada,EMU,Yes
155,m3j57vwz,155,http://www.speedrun.com/sm64/run/m3j57vwz,2024-07-28T16:05:01Z,948.0,948.0,qjor2nj6,Odme_,United States,VC,Yes
156,me0dr38z,157,http://www.speedrun.com/sm64/run/me0dr38z,2024-01-25T22:21:19Z,948.15,948.15,8r2w1n3x,Kinosura,France,N64,Yes
157,z0pgrw9y,158,http://www.speedrun.com/sm64/run/z0pgrw9y,2022-07-23T01:26:57Z,948.16,948.16,qjnel1dj,Zoro64,Germany,N64,Yes
158,y8wdk9dy,159,http://www.speedrun.com/sm64/run/y8wdk9dy,2024-03-28T22:47:17Z,948.23,948.23,8e6qyddj,Salemba,Austria,N64,Yes
159,y9vxo2km,160,http://www.speedrun.com/sm64/run/y9vxo2km,2022-06-02T01:02:03Z,948.24,948.24,qj2w3rpj,BlueBob,Canada,N64,Yes
160,yox5d11y,161,http://www.speedrun.com/sm64/run/yox5d11y,2024-10-27T04:29:55Z,948.53,948.53,8l3ldyl8,jumpmanmatthew,United States,N64,Yes
161,zn9v9n3y,162,http://www.speedrun.com/sm64/run/zn9v9n3y,2025-02-18T00:44:43Z,948.7,948.7,8r7m4ldj,beeve,United States,N64,Yes
162,m3voqjgz,162,http://www.speedrun.com/sm64/run/m3voqjgz,2025-05-05T04:16:03Z,948.7,948.7,8rpwpnqj,inferno676,United States,N64,Yes
163,mepgd60y,164,http://www.speedrun.com/sm64/run/mepgd60y,2026-01-09T09:40:05Z,948.75,948.75,joz5vm38,Sakoi,Japan,N64,Yes
164,mk504lxm,165,http://www.speedrun.com/sm64/run/mk504lxm,2021-09-26T13:45:38Z,949.0,949.0,kjp9p28q,Sigotu,Poland,EMU,Yes
165,zp201d8y,165,http://www.speedrun.com/sm64/run/zp201d8y,2021-12-13T04:26:19Z,949.0,949.0,7j4drzdj,AppleJuice,United States,EMU,Yes
166,zg6v6rdm,165,http://www.speedrun.com/sm64/run/zg6v6rdm,2025-05-27T02:26:15Z,949.0,949.0,8lr0m1v8,Avatar,United States,N64,Yes
167,m7lo1jwy,165,http://www.speedrun.com/sm64/run/m7lo1jwy,2025-07-28T21:46:44Z,949.0,949.0,48gplnp8,ALX7,United States,EMU,Yes
168,zx7go35y,169,http://www.speedrun.com/sm64/run/zx7go35y,2022-05-15T04:24:40Z,949.11,949.11,kj90merj,FinnTyph,United States,N64,Yes
169,ywjw96pz,170,http://www.speedrun.com/sm64/run/ywjw96pz,2022-02-26T23:00:28Z,949.23,949.23,qj21mo8k,CartoonBuffoon,,N64,Yes
170,m7348owy,171,http://www.speedrun.com/sm64/run/m7348owy,2024-01-27T15:45:05Z,949.53,949.53,18qowewj,Majoog,South Korea,N64,Yes
171,m7leknwy,172,http://www.speedrun.com/sm64/run/m7leknwy,2025-08-09T10:44:12Z,950.0,950.0,j427vvmx,NaeNaeEpicSwag,United States,N64,Yes
172,mrd3g3gz,172,http://www.speedrun.com/sm64/run/mrd3g3gz,2025-09-18T07:05:14Z,950.0,950.0,8647vrqj,radrick,United States,EMU,Yes
173,z5vwj15m,174,http://www.speedrun.com/sm64/run/z5vwj15m,2022-02-28T01:39:38Z,950.01,950.01,8qrgozwj,Oxelput,Germany,N64,Yes
174,znqr4w9z,175,http://www.speedrun.com/sm64/run/znqr4w9z,2022-08-08T15:14:24Z,950.5,950.5,jpov2508,nonnn,Japan,N64,Yes
175,zxwpe1em,176,http://www.speedrun.com/sm64/run/zxwpe1em,2024-01-26T01:17:07Z,951.0,951.0,jn3gwmqx,Roseatia,United Kingdom,EMU,Yes
176,z1v5dwwz,176,http://www.speedrun.com/sm64/run/z1v5dwwz,2024-12-24T05:32:33Z,951.0,951.0,8r74q36j,BlooomAgain,United States,EMU,Yes
177,ydn283jm,178,http://www.speedrun.com/sm64/run/ydn283jm,2024-05-06T22:55:22Z,951.08,951.08,xz0e5qe8,EddieMathews,United States,N64,Yes
178,zg7ol5vz,179,http://www.speedrun.com/sm64/run/zg7ol5vz,2019-01-29T20:32:35Z,951.11,951.11,zx7gnyx7,Dwhatever,Germany,N64,Yes
179,z0k1l6em,180,http://www.speedrun.com/sm64/run/z0k1l6em,2025-10-14T03:34:28Z,951.15,951.15,8vr5v5nx,quinn_willi99,United States,N64,Yes
180,m70wpp0y,181,http://www.speedrun.com/sm64/run/m70wpp0y,2023-06-19T23:47:39Z,951.31,951.31,j96ww5vj,asandal,United States,N64,Yes
181,y8112r1z,182,http://www.speedrun.com/sm64/run/y8112r1z,2019-06-26T07:15:02Z,952.0,952.0,qxkg359j,SonicFerrari,United States,VC,Yes
182,yj8krpdm,182,http://www.speedrun.com/sm64/run/yj8krpdm,2022-12-08T17:03:24Z,952.0,952.0,jn2zwo1j,Alessiow,Italy,EMU,No
183,m7o71r5y,182,http://www.speedrun.com/sm64/run/m7o71r5y,2024-08-17T03:17:17Z,952.0,952.0,xyovd1nj,Henoty,France,EMU,Yes
184,ydlxr70z,182,http://www.speedrun.com/sm64/run/ydlxr70z,2024-11-08T22:37:42Z,952.0,952.0,zxzl7508,Seba54,Chile,EMU,Yes
185,ydnqkvvm,186,http://www.speedrun.com/sm64/run/ydnqkvvm,2024-02-23T20:06:28Z,952.25,952.25,xzld0398,ANYUJIN,Japan,N64,No
186,y804wr5m,187,http://www.speedrun.com/sm64/run/y804wr5m,2023-04-07T23:13:24Z,952.31,952.31,8q316z7j,dista,United States,N64,Yes
187,yw02nlpm,188,http://www.speedrun.com/sm64/run/yw02nlpm,2021-03-20T14:00:53Z,952.35,952.35,18q3zwqj,Dekudude,England,N64,Yes
188,z0xl738z,189,http://www.speedrun.com/sm64/run/z0xl738z,2023-11-24T13:46:48Z,952.43,952.43,8vkkkz5j,haruto701,Japan,N64,Yes
189,z5p6jdjm,190,http://www.speedrun.com/sm64/run/z5p6jdjm,2023-08-09T09:14:24Z,952.46,952.46,jp4q645j,GoodGrieth,,N64,Yes
190,y960o1vy,191,http://www.speedrun.com/sm64/run/y960o1vy,2022-12-24T11:11:00Z,952.48,952.48,x7w7vor8,jokehow,United States,N64,Yes
191,y4lxo32z,192,http://www.speedrun.com/sm64/run/y4lxo32z,2024-09-05T08:57:09Z,952.66,952.66,8r7nmpqj,Leproxy,United States,N64,Yes
192,y27n149z,193,http://www.speedrun.com/sm64/run/y27n149z,2021-10-21T02:34:31Z,952.71,952.71,kjpoery8,Falcon,Canada,N64,Yes
193,z1vg877z,194,http://www.speedrun.com/sm64/run/z1vg877z,2025-02-03T19:20:27Z,952.8,952.8,0jmw6wex,Bombs,United States,N64,Yes
194,y86r00nm,195,http://www.speedrun.com/sm64/run/y86r00nm,2023-05-29T21:46:27Z,953.0,953.0,8r2oq5dx,EdgySM64,Brazil,EMU,Yes
195,z18wnkjy,196,http://www.speedrun.com/sm64/run/z18wnkjy,2021-04-08T14:29:14Z,953.25,953.25,qjned9qj,tami,Japan,N64,Yes
196,mk023vvz,197,http://www.speedrun.com/sm64/run/mk023vvz,2023-05-14T12:10:17Z,953.33,953.33,zx7gw1rx,Invisible_hole,United States,N64,Yes
197,y6vkjopm,198,http://www.speedrun.com/sm64/run/y6vkjopm,2024-07-04T03:21:08Z,953.93,953.93,8r7w9lgj,ClementLeBro,France,N64,Yes
198,ydg4rrvy,199,http://www.speedrun.com/sm64/run/ydg4rrvy,2023-03-18T07:26:17Z,954.0,954.0,jprd33y8,DrewieSR,United States,EMU,Yes
199,y86q0q1m,199,http://www.speedrun.com/sm64/run/y86q0q1m,2023-05-02T23:10:25Z,954.0,954.0,jmpp51ej,amsixx,Spain,EMU,Yes
200,y4o50o3z,199,http://www.speedrun.com/sm64/run/y4o50o3z,2023-05-05T07:15:02Z,954.0,954.0,qjo1ovnx,FireGoesFast,Australia,VC,Yes
201,yllejj3y,199,http://www.speedrun.com/sm64/run/yllejj3y,2023-11-12T11:12:00Z,954.0,954.0,x3mw0278,ViperVenom95,Australia,EMU,Yes
202,zn2e579z,199,http://www.speedrun.com/sm64/run/zn2e579z,2024-05-11T14:10:58Z,954.0,954.0,zxz1vorj,Karyno,France,N64,Yes
203,7z09k9jz,204,http://www.speedrun.com/sm64/run/7z09k9jz,2015-07-30T07:03:44Z,954.3,954.3,48gev4rj,puncayshun,United States,N64,No
204,zx8wpvkm,205,http://www.speedrun.com/sm64/run/zx8wpvkm,2022-09-29T13:45:22Z,954.33,954.33,8vo319ex,fisterra,Japan,N64,Yes
205,y8nrd1dy,206,http://www.speedrun.com/sm64/run/y8nrd1dy,2025-10-27T01:08:28Z,954.61,954.61,8v7mkp58,raesanonymous,United States,N64,Yes
206,z16634rm,207,http://www.speedrun.com/sm64/run/z16634rm,2025-08-10T05:40:44Z,954.75,954.75,68wg36qx,ded_lej,North Korea,N64,Yes
207,y8pk82nz,208,http://www.speedrun.com/sm64/run/y8pk82nz,2024-09-22T21:26:04Z,954.76,954.76,qjomp63x,Frisson4,Québec,N64,Yes
208,ywkg723y,209,http://www.speedrun.com/sm64/run/ywkg723y,2021-10-13T10:25:00Z,954.85,954.85,e8e6edj0,GothicLogic,United Kingdom,N64,Yes
209,ylj6lvxm,210,http://www.speedrun.com/sm64/run/ylj6lvxm,2025-07-15T11:35:35Z,954.87,954.87,x7z7pey8,Everchix,Japan,N64,Yes
210,yll64nxy,211,http://www.speedrun.com/sm64/run/yll64nxy,2023-12-07T02:10:42Z,954.98,954.98,j4232gmx,VonJim,Québec,N64,Yes
211,y6ne1njz,212,http://www.speedrun.com/sm64/run/y6ne1njz,2022-02-21T16:27:37Z,955.0,955.0,7j4q7emx,eleesuh,Germany,N64,Yes
212,mrxq814m,212,http://www.speedrun.com/sm64/run/mrxq814m,2024-07-11T20:14:44Z,955.0,955.0,j4r2ynw8,Lojen,United States,VC,Yes
213,zpo7rlxm,212,http://www.speedrun.com/sm64/run/zpo7rlxm,2025-09-12T04:52:54Z,955.0,955.0,jo1o36nx,noso,Australia,EMU,Yes
214,mk7vv0xy,215,http://www.speedrun.com/sm64/run/mk7vv0xy,2021-02-25T08:01:24Z,955.03,955.03,86n47yqx,Timmybuoy,United States,N64,Yes
215,yleojqxz,216,http://www.speedrun.com/sm64/run/yleojqxz,2022-01-04T13:37:27Z,955.23,955.23,18q9317j,kagami,Japan,N64,Yes
216,mk90e41z,217,http://www.speedrun.com/sm64/run/mk90e41z,2018-12-12T17:05:19Z,955.46,955.46,kjpok428,timlittlefree,United States,N64,Yes
217,zp9kgnrm,218,http://www.speedrun.com/sm64/run/zp9kgnrm,2022-07-03T00:00:28Z,955.48,955.48,y8dw9zgj,Alkobakknarko,Norway,N64,Yes
218,yl6lwxky,219,http://www.speedrun.com/sm64/run/yl6lwxky,2023-07-19T06:57:44Z,955.5,955.5,8g5y277j,ReallyBadDK,United States,N64,Yes
219,z1klr4jy,220,http://www.speedrun.com/sm64/run/z1klr4jy,2023-12-09T04:18:40Z,955.52,955.52,v8lq4k7x,badroenis,United States,N64,No
220,0zn16j8m,221,http://www.speedrun.com/sm64/run/0zn16j8m,2015-11-05T23:24:47Z,955.75,955.75,pj02nmw8,nero_x2,Japan,N64,Yes
221,y4len9nz,222,http://www.speedrun.com/sm64/run/y4len9nz,2024-08-04T18:39:38Z,955.81,955.81,jo3v1n0j,Sabxander,Romania,N64,Yes
222,mrnvgggy,223,http://www.speedrun.com/sm64/run/mrnvgggy,2021-10-13T18:32:09Z,955.83,955.83,dx3q74qj,chubby,Norway,N64,Yes
223,9men38m7,224,http://www.speedrun.com/sm64/run/9men38m7,2025-05-19T16:08:18Z,955.85,955.85,,,,N64,Yes
224,yv1v4k6y,225,http://www.speedrun.com/sm64/run/yv1v4k6y,2021-06-12T22:49:15Z,955.98,955.98,zxzzzrxq,Moose,United States,N64,Yes
225,y48wqrkm,226,http://www.speedrun.com/sm64/run/y48wqrkm,2021-12-24T00:55:38Z,956.0,956.0,8geo5gpj,Unknown1470,United States,EMU,Yes
226,ywndj20y,226,http://www.speedrun.com/sm64/run/ywndj20y,2023-10-09T23:57:28Z,956.0,956.0,j26ke4nx,8inchBagels,United States,EMU,Yes
227,zn24493z,226,http://www.speedrun.com/sm64/run/zn24493z,2024-02-24T12:03:00Z,956.0,956.0,xkm3lk7j,Nonag,Germany,EMU,Yes
228,m3jr0o4z,226,http://www.speedrun.com/sm64/run/m3jr0o4z,2024-08-14T23:32:50Z,956.0,956.0,xz27v1nx,NewmanBeatbox,United States,EMU,Yes
229,mkw113lm,226,http://www.speedrun.com/sm64/run/mkw113lm,2025-08-01T18:08:44Z,956.0,956.0,x3w377ej,AbUnderscored,Jordan,EMU,Yes
230,yv7ej5ey,226,http://www.speedrun.com/sm64/run/yv7ej5ey,2025-08-22T06:39:53Z,956.0,956.0,j0vkm73x,druz,United States,EMU,Yes
231,yj7363dy,226,http://www.speedrun.com/sm64/run/yj7363dy,2025-10-12T15:44:07Z,956.0,956.0,xkz3z4kx,echodama,Japan,VC,Yes
232,yd3jr1qz,233,http://www.speedrun.com/sm64/run/yd3jr1qz,2018-12-11T08:14:08Z,956.08,956.08,kj9yz0wx,Liam,United States,N64,Yes
233,me1pnd2y,234,http://www.speedrun.com/sm64/run/me1pnd2y,2022-10-30T00:07:10Z,956.26,956.26,xyrv6onj,jakegaw6,United States,N64,Yes
234,zq50648z,235,http://www.speedrun.com/sm64/run/zq50648z,2025-11-21T09:20:43Z,956.66,956.66,86vwk03j,Super_Dejan,Montenegro,N64,Yes
235,yvo4l9oz,236,http://www.speedrun.com/sm64/run/yvo4l9oz,2021-07-26T21:06:07Z,956.81,956.81,zx77v7rx,simply,United States,N64,Yes
236,y88ddqny,237,http://www.speedrun.com/sm64/run/y88ddqny,2022-05-14T21:03:07Z,956.95,956.95,86vm37pj,sevenyoshi,United States,N64,Yes
237,y89w3vnm,238,http://www.speedrun.com/sm64/run/y89w3vnm,2019-01-07T03:21:59Z,957.0,957.0,1xy06qnj,Squirr3I,United States,EMU,Yes
238,m7d922wm,238,http://www.speedrun.com/sm64/run/m7d922wm,2021-04-15T13:48:04Z,957.0,957.0,48gq91rj,figgs,Australia,EMU,Yes
239,y9vk09em,238,http://www.speedrun.com/sm64/run/y9vk09em,2022-06-18T12:46:50Z,957.0,957.0,j2y0pkl8,TobiiSR,Austria,VC,Yes
240,z52gvv5z,238,http://www.speedrun.com/sm64/run/z52gvv5z,2022-06-27T18:36:39Z,957.0,957.0,68wzrnv8,aussieadam,United States,EMU,Yes
241,z0ngw29m,238,http://www.speedrun.com/sm64/run/z0ngw29m,2023-04-10T02:33:51Z,957.0,957.0,jo3qgp7j,Rallemz,Brazil,EMU,Yes
242,z1lqnqrm,238,http://www.speedrun.com/sm64/run/z1lqnqrm,2023-07-08T16:36:23Z,957.0,957.0,jn9qe22x,Famin,United States,EMU,Yes
243,y9p07lnm,238,http://www.speedrun.com/sm64/run/y9p07lnm,2024-12-24T08:57:10Z,957.0,957.0,8qrrp27j,TedFeds,United States,EMU,Yes
244,y6293v0z,245,http://www.speedrun.com/sm64/run/y6293v0z,2023-06-14T00:19:39Z,957.03,957.03,863k2ww8,MeepJeep,Germany,N64,Yes
245,zgvep3vz,246,http://www.speedrun.com/sm64/run/zgvep3vz,2020-11-26T21:40:38Z,957.22,957.22,8rpld5wj,Lilpuri,,N64,Yes
246,8y8rnrwm,247,http://www.speedrun.com/sm64/run/8y8rnrwm,2015-07-30T07:05:09Z,957.26,957.26,kjp6pz58,Gana64,Japan,N64,Yes
247,zngl8n8m,248,http://www.speedrun.com/sm64/run/zngl8n8m,2025-08-28T06:26:54Z,957.33,957.33,pj0zm38w,Geenix,United States,N64,Yes
248,yv34p3xz,249,http://www.speedrun.com/sm64/run/yv34p3xz,2019-05-23T08:27:09Z,957.56,957.56,v8lvw57j,JKJ,United States,N64,Yes
249,yjoon03z,250,http://www.speedrun.com/sm64/run/yjoon03z,2024-05-18T07:41:20Z,957.63,957.63,5j5qzewj,Keubab,France,N64,Yes
250,yojpqg5m,251,http://www.speedrun.com/sm64/run/yojpqg5m,2019-10-08T18:03:53Z,957.68,957.68,o86pkeqj,Synozure,Australia,N64,Yes
251,ywdv6rnz,252,http://www.speedrun.com/sm64/run/ywdv6rnz,2020-11-22T14:05:27Z,957.73,957.73,qjoolrej,nobori56,Japan,N64,Yes
252,yw09192m,253,http://www.speedrun.com/sm64/run/yw09192m,2021-04-02T10:47:49Z,957.76,957.76,8wkgwd48,nuzumi,Japan,N64,Yes
253,zpo7g0rm,254,http://www.speedrun.com/sm64/run/zpo7g0rm,2025-09-14T18:55:05Z,957.86,957.86,8l0d1v78,inosaki,Japan,N64,Yes
254,6yj09vgz,255,http://www.speedrun.com/sm64/run/6yj09vgz,2017-03-04T06:48:41Z,957.89,957.89,,,,N64,Yes
255,yo2rovjz,256,http://www.speedrun.com/sm64/run/yo2rovjz,2018-10-10T17:30:06Z,958.0,958.0,98r2y03x,SoloQ,United States,EMU,Yes
256,z1j9qkjz,256,http://www.speedrun.com/sm64/run/z1j9qkjz,2019-12-19T14:47:05Z,958.0,958.0,x7qkl4v8,ArbitraryPanda,Norway,EMU,No
257,yvvd5wxy,256,http://www.speedrun.com/sm64/run/yvvd5wxy,2024-02-05T08:05:46Z,958.0,958.0,xk3og178,Instinct64,United States,EMU,Yes
258,z0d98e4y,256,http://www.speedrun.com/sm64/run/z0d98e4y,2024-03-17T14:02:35Z,958.0,958.0,zxzez44x,parkourchicken,United States,EMU,Yes
259,ylpoqgnm,256,http://www.speedrun.com/sm64/run/ylpoqgnm,2025-01-06T08:37:53Z,958.0,958.0,8dw9onoj,JoeyBagODonuts,United States,EMU,Yes
260,yvnqo3xm,256,http://www.speedrun.com/sm64/run/yvnqo3xm,2025-01-24T00:34:37Z,958.0,958.0,xyl4ynzj,imchach,United States,EMU,Yes
261,z16d7ggm,256,http://www.speedrun.com/sm64/run/z16d7ggm,2025-04-23T21:43:45Z,958.0,958.0,8g5egl1j,Rayydex,Germany,EMU,Yes
262,m7v192wm,256,http://www.speedrun.com/sm64/run/m7v192wm,2025-09-19T06:09:08Z,958.0,958.0,86v9945j,Tit0MEX_64,Mexico,EMU,Yes
263,yvrr308z,264,http://www.speedrun.com/sm64/run/yvrr308z,2022-05-28T18:25:11Z,958.1,958.1,8qo0gd7j,Jfox,,N64,Yes
264,z03p7djz,265,http://www.speedrun.com/sm64/run/z03p7djz,2018-10-23T05:07:27Z,958.18,958.18,,,,N64,Yes
265,jy98x3rz,266,http://www.speedrun.com/sm64/run/jy98x3rz,2016-06-16T05:11:51Z,958.39,958.39,5j52e9qj,GUTOA,Japan,N64,Yes
266,wzpk9ryq,267,http://www.speedrun.com/sm64/run/wzpk9ryq,2025-05-19T16:13:24Z,958.65,958.65,,,,N64,Yes
267,emkok5z6,267,http://www.speedrun.com/sm64/run/emkok5z6,2023-10-04T18:37:30Z,958.65,958.65,,,,N64,Yes
268,y20or6jm,269,http://www.speedrun.com/sm64/run/y20or6jm,2022-03-26T20:24:59Z,958.7,958.7,8grge67x,isu_,Japan,N64,Yes
269,mken021m,270,http://www.speedrun.com/sm64/run/mken021m,2022-03-19T05:52:22Z,958.73,958.73,1xy5vzy8,m0m0,,N64,Yes
270,yj7505gy,271,http://www.speedrun.com/sm64/run/yj7505gy,2025-11-20T09:21:56Z,958.86,958.86,j9pze07x,PrinterWontWork,United States,N64,Yes
271,m3396r6m,272,http://www.speedrun.com/sm64/run/m3396r6m,2022-04-05T01:24:12Z,959.0,959.0,xz7q51nj,Bentengaming,United States,EMU,Yes
272,yjonw8dz,272,http://www.speedrun.com/sm64/run/yjonw8dz,2024-07-03T08:11:53Z,959.0,959.0,xk3nmqk8,DuckTapeDuck,,EMU,Yes
273,mr5v487y,272,http://www.speedrun.com/sm64/run/mr5v487y,2025-12-31T12:31:55Z,959.0,959.0,jn2p2k4j,ShadyYouWot,,EMU,Yes
274,y9w37nnz,272,http://www.speedrun.com/sm64/run/y9w37nnz,2025-11-13T22:11:12Z,959.0,959.0,j4p9v2mj,Sprookie_Meow,United States,EMU,Yes
275,zx5p4nkm,272,http://www.speedrun.com/sm64/run/zx5p4nkm,2026-01-27T04:30:23Z,959.0,959.0,8q0rd20j,Jaredsito,Mexico,EMU,Yes
276,zg2804ey,277,http://www.speedrun.com/sm64/run/zg2804ey,2023-02-25T23:59:19Z,959.03,959.03,qxkvqp2j,PKT_S,France,N64,No
277,m7lll14y,278,http://www.speedrun.com/sm64/run/m7lll14y,2025-08-14T06:13:37Z,959.06,959.06,xylw0wmj,Linkarf,Québec,N64,Yes
278,mk5rr0xm,279,http://www.speedrun.com/sm64/run/mk5rr0xm,2021-11-05T22:19:14Z,959.13,959.13,y8d2v2mj,ChipGroove,United States,N64,Yes
279,ydvnl3xy,280,http://www.speedrun.com/sm64/run/ydvnl3xy,2025-03-01T01:23:19Z,959.25,959.25,xz2z23ex,King_bay,Japan,N64,Yes
280,yjq0n7gm,281,http://www.speedrun.com/sm64/run/yjq0n7gm,2025-09-10T10:19:31Z,959.36,959.36,jprg1g58,eave,,N64,Yes
281,y6g6p3qm,282,http://www.speedrun.com/sm64/run/y6g6p3qm,2025-01-05T01:25:04Z,959.43,959.43,8lr61378,LightBlue,Canada,N64,Yes
282,y93r2vvy,283,http://www.speedrun.com/sm64/run/y93r2vvy,2021-11-18T21:59:05Z,959.5,959.5,98re9d6x,Payduck64,United States,N64,Yes
283,zponv5xm,284,http://www.speedrun.com/sm64/run/zponv5xm,2025-04-24T06:49:58Z,959.52,959.52,8l35dzl8,KalasLawliet,France,N64,Yes
284,ywx0xq3m,285,http://www.speedrun.com/sm64/run/ywx0xq3m,2024-08-09T20:36:55Z,959.6,959.6,jp47de4j,lerrythelobtser,Canada,N64,Yes
285,nz1vprze,286,http://www.speedrun.com/sm64/run/nz1vprze,2025-05-19T16:14:28Z,959.62,959.62,,,,N64,Yes
286,zqvo498m,287,http://www.speedrun.com/sm64/run/zqvo498m,2021-11-13T19:07:28Z,959.91,959.91,qjok7l78,TwitchName,United States,N64,Yes
287,9mr077mq,288,http://www.speedrun.com/sm64/run/9mr077mq,2025-05-21T23:20:04Z,960.0,960.0,,,,N64,Yes
288,6yjgr83y,288,http://www.speedrun.com/sm64/run/6yjgr83y,2015-11-05T23:30:47Z,960.0,960.0,,,,N64,Yes
289,zgg8n6vz,288,http://www.speedrun.com/sm64/run/zgg8n6vz,2021-06-13T01:19:14Z,960.0,960.0,v8lem77x,Frost_Byte,United States,N64,Yes
290,yv85kv6m,288,http://www.speedrun.com/sm64/run/yv85kv6m,2023-03-27T11:50:52Z,960.0,960.0,8l0q0k78,GeoGringo,United States,N64,Yes
291,zqpnolxm,288,http://www.speedrun.com/sm64/run/zqpnolxm,2025-08-27T06:21:40Z,960.0,960.0,v810d5rx,SubmarineCpt,United States,EMU,Yes
292,yv7d418y,288,http://www.speedrun.com/sm64/run/yv7d418y,2025-09-02T21:52:02Z,960.0,960.0,j2w1w5lj,RONC3NA,United States,N64,Yes
293,zgwvkdey,294,http://www.speedrun.com/sm64/run/zgwvkdey,2020-05-02T01:28:18Z,961.0,961.0,kj9vd9ox,JMill,United States,EMU,Yes
294,z12gpogy,294,http://www.speedrun.com/sm64/run/z12gpogy,2022-01-24T16:43:06Z,961.0,961.0,jmo4ewn8,Mathematix,United States,N64,Yes
295,ywge2wnz,294,http://www.speedrun.com/sm64/run/ywge2wnz,2024-02-16T20:41:11Z,961.0,961.0,8lpl934j,PegiTheLoca,Germany,N64,Yes
296,y9e770rz,294,http://www.speedrun.com/sm64/run/y9e770rz,2025-04-25T11:48:21Z,961.0,961.0,81qlog3j,Zarcos,Réunion,EMU,Yes
297,yl5pvrrz,294,http://www.speedrun.com/sm64/run/yl5pvrrz,2026-01-11T11:14:05Z,961.0,961.0,j9royowj,Happyzombie33,China,EMU,Yes
298,m72e1o0z,299,http://www.speedrun.com/sm64/run/m72e1o0z,2023-03-10T21:53:09Z,962.0,962.0,68wp5qvx,geek,Germany,N64,Yes
299,ywr056nm,299,http://www.speedrun.com/sm64/run/ywr056nm,2023-06-06T21:16:27Z,962.0,962.0,1xyw6wn8,markinator99,United States,N64,Yes
300,m3vollgz,299,http://www.speedrun.com/sm64/run/m3vollgz,2025-05-04T21:32:08Z,962.0,962.0,e8e23628,flow,Brazil,EMU,Yes
301,yjp2qw3y,302,http://www.speedrun.com/sm64/run/yjp2qw3y,2022-06-16T07:17:21Z,963.0,963.0,pj02dl98,Hide,United States,N64,Yes
302,y9jooqem,302,http://www.speedrun.com/sm64/run/y9jooqem,2024-02-12T15:50:58Z,963.0,963.0,8d02v65x,phL64,Germany,N64,Yes
303,m7vgxn5m,302,http://www.speedrun.com/sm64/run/m7vgxn5m,2025-10-21T04:50:56Z,963.0,963.0,8r3rzrq8,PARS1K,Germany,N64,Yes
304,1zxj78yx,305,http://www.speedrun.com/sm64/run/1zxj78yx,2025-10-07T17:15:41Z,964.0,964.0,,,,N64,No
305,7ylkqp2z,305,http://www.speedrun.com/sm64/run/7ylkqp2z,2015-05-19T11:27:05Z,964.0,964.0,o86lzw8z,php1r,Denmark,EMU,Yes
306,yv00ln6z,305,http://www.speedrun.com/sm64/run/yv00ln6z,2022-09-12T04:58:56Z,964.0,964.0,8vkn1mnj,madware,Chile,N64,Yes
307,m3l705gm,305,http://www.speedrun.com/sm64/run/m3l705gm,2023-01-21T14:24:32Z,964.0,964.0,qxk6o7m8,Jojo,Netherlands,EMU,Yes
308,mrx6e7dm,305,http://www.speedrun.com/sm64/run/mrx6e7dm,2024-08-23T01:41:14Z,964.0,964.0,68w672qj,drimys,United States,N64,Yes
309,yjed0lgm,305,http://www.speedrun.com/sm64/run/yjed0lgm,2025-02-07T23:37:50Z,964.0,964.0,xyovelwj,LiamPlayZelda,United States,VC,Yes
310,y9eexvvz,305,http://www.speedrun.com/sm64/run/y9eexvvz,2025-08-12T16:51:35Z,964.0,964.0,18qk2m78,DentoriousRed,United States,N64,Yes
311,pzg28qjy,312,http://www.speedrun.com/sm64/run/pzg28qjy,2016-05-12T22:22:07Z,965.0,965.0,zxzvprjq,toastrider91,Chad,N64,Yes
312,zgjvw6dz,312,http://www.speedrun.com/sm64/run/zgjvw6dz,2024-12-31T08:09:13Z,965.0,965.0,o863w4w8,eddiecatgaming,United States,VC,Yes
313,zg66j0em,312,http://www.speedrun.com/sm64/run/zg66j0em,2025-08-14T04:54:26Z,965.0,965.0,x76047vj,PhoenixSixtyFour,United States,N64,Yes
314,zp2r53xy,315,http://www.speedrun.com/sm64/run/zp2r53xy,2021-12-26T02:52:01Z,966.0,966.0,kj90nrj4,Kyrette,United States,VC,No
315,y6x60jpy,315,http://www.speedrun.com/sm64/run/y6x60jpy,2022-08-21T03:51:21Z,966.0,966.0,7j4epgvx,Mcnessyj,New Zealand,N64,Yes
316,zg2jj4jy,315,http://www.speedrun.com/sm64/run/zg2jj4jy,2023-03-14T20:39:26Z,966.0,966.0,8dwkvwmj,runnosh,England,N64,Yes
317,zn9p688y,315,http://www.speedrun.com/sm64/run/zn9p688y,2025-02-01T08:38:42Z,966.0,966.0,8d4q29g8,VitaBlue,Macau,EMU,Yes
318,zpo0k0rm,315,http://www.speedrun.com/sm64/run/zpo0k0rm,2025-05-06T06:31:34Z,966.0,966.0,pj0edem8,franchewbacca,United States,N64,Yes
319,y8g7k61z,315,http://www.speedrun.com/sm64/run/y8g7k61z,2025-09-07T04:51:16Z,966.0,966.0,8qo05moj,Birdman20,United States,N64,Yes
320,0y6g0jm7,321,http://www.speedrun.com/sm64/run/0y6g0jm7,2025-10-07T17:25:43Z,967.0,967.0,,,,N64,No
321,z0729d4y,321,http://www.speedrun.com/sm64/run/z0729d4y,2021-11-08T01:34:53Z,967.0,967.0,86v6wk0j,leodamin,Brazil,N64,Yes
322,y6o46xqy,321,http://www.speedrun.com/sm64/run/y6o46xqy,2023-04-05T19:16:58Z,967.0,967.0,x33wzg7x,Alooful,United States,EMU,Yes
323,ydj995qy,321,http://www.speedrun.com/sm64/run/ydj995qy,2023-06-03T14:33:48Z,967.0,967.0,8g5772rj,Semaa,Bosnia and Herzegovina,EMU,Yes
324,mr2o357y,321,http://www.speedrun.com/sm64/run/mr2o357y,2023-12-06T00:43:19Z,967.0,967.0,pj0322mj,Erthide,Québec,VC,Yes
325,yoegpn0z,326,http://www.speedrun.com/sm64/run/yoegpn0z,2025-08-30T04:41:34Z,968.0,968.0,zxz67wn8,AJLane,United States,N64,Yes
326,y8g72onz,326,http://www.speedrun.com/sm64/run/y8g72onz,2025-09-04T03:54:15Z,968.0,968.0,zx7nlkq8,bev_prune_,Australia,N64,Yes
327,kz5l2eyr,328,http://www.speedrun.com/sm64/run/kz5l2eyr,2025-10-07T17:26:05Z,969.0,969.0,,,,N64,Yes
328,meenn19m,328,http://www.speedrun.com/sm64/run/meenn19m,2023-03-14T17:53:28Z,969.0,969.0,j2y2n0o8,KufL,United States,EMU,Yes
329,m7vq6jwm,328,http://www.speedrun.com/sm64/run/m7vq6jwm,2025-10-14T00:52:32Z,969.0,969.0,j5q7wvwj,machochin,Mexico,N64,Yes
330,dy4jqkyl,331,http://www.speedrun.com/sm64/run/dy4jqkyl,2025-10-07T18:50:00Z,970.0,970.0,18ql07jn,luke994,England,N64,Yes
331,z09n34ez,331,http://www.speedrun.com/sm64/run/z09n34ez,2020-11-21T00:25:04Z,970.0,970.0,e8ezrq68,Yale,United States,N64,Yes
332,y2090gwm,331,http://www.speedrun.com/sm64/run/y2090gwm,2021-12-01T17:10:18Z,970.0,970.0,j0v2zkrx,TANYAKA,Japan,N64,Yes
333,y2n165wy,331,http://www.speedrun.com/sm64/run/y2n165wy,2024-12-23T02:14:46Z,970.0,970.0,xy51z1v8,vandru,Peru,N64,Yes
334,y9e6q6rz,331,http://www.speedrun.com/sm64/run/y9e6q6rz,2025-07-11T05:20:52Z,970.0,970.0,1xyvwvyx,RadishRavler,Canada,EMU,Yes
335,oy2npwyd,336,http://www.speedrun.com/sm64/run/oy2npwyd,2023-10-25T19:11:18Z,971.0,971.0,dx351yqj,siglemic,United States,N64,No
336,yl7l372m,336,http://www.speedrun.com/sm64/run/yl7l372m,2022-06-17T16:05:35Z,971.0,971.0,y8devyoj,Serenmew,United States,N64,Yes
337,yj2d3r7m,336,http://www.speedrun.com/sm64/run/yj2d3r7m,2023-06-30T23:43:37Z,971.0,971.0,x7q4gvq8,badlski,Finland,EMU,Yes
338,7z08p8m5,339,http://www.speedrun.com/sm64/run/7z08p8m5,,972.0,972.0,qj26pqnx,NyZ,Japan,N64,Yes
339,zxg2nrey,339,http://www.speedrun.com/sm64/run/zxg2nrey,2021-04-28T23:15:34Z,972.0,972.0,68welnq8,Ryou,,N64,Yes
340,yo6rvd1y,339,http://www.speedrun.com/sm64/run/yo6rvd1y,2021-09-04T15:03:03Z,972.0,972.0,8ge2ee2j,incha4416,,N64,Yes
341,y60j19jy,339,http://www.speedrun.com/sm64/run/y60j19jy,2022-07-09T00:38:01Z,972.0,972.0,8dw231lj,Snepy,Chile,N64,Yes
342,zpg4elgz,339,http://www.speedrun.com/sm64/run/zpg4elgz,2022-12-23T16:36:06Z,972.0,972.0,jp4y0g2j,ooferboi_69,United States,N64,Yes
343,yj8l8rgm,339,http://www.speedrun.com/sm64/run/yj8l8rgm,2022-12-28T06:32:34Z,972.0,972.0,jmovzpe8,ClassicHanky,United States,N64,Yes
344,zqjgvj5m,339,http://www.speedrun.com/sm64/run/zqjgvj5m,2023-06-04T03:01:34Z,972.0,972.0,jo35yn7j,Luisito,Mexico,VC,No
345,yj25qp7m,339,http://www.speedrun.com/sm64/run/yj25qp7m,2023-06-18T08:02:50Z,972.0,972.0,5j5097nx,ErikaSunrose,Sweden,EMU,Yes
346,yww8g99y,339,http://www.speedrun.com/sm64/run/yww8g99y,2024-12-28T12:09:04Z,972.0,972.0,8r7zwndj,Ayushman4321,India,EMU,Yes
347,8y8o8nm1,348,http://www.speedrun.com/sm64/run/8y8o8nm1,,973.0,973.0,,,,N64,Yes
348,1zq2e8zl,348,http://www.speedrun.com/sm64/run/1zq2e8zl,,973.0,973.0,qj26qnxk,caivs,United States,N64,Yes
349,wzpgpdvz,348,http://www.speedrun.com/sm64/run/wzpgpdvz,2016-05-12T22:34:37Z,973.0,973.0,,,,N64,Yes
350,z03pgejz,348,http://www.speedrun.com/sm64/run/z03pgejz,2018-11-02T02:30:21Z,973.0,973.0,7j41p5j1,SuperViperT302,United States,N64,Yes
351,ydr3qjvz,348,http://www.speedrun.com/sm64/run/ydr3qjvz,2021-04-17T19:39:25Z,973.0,973.0,68w040qj,Creator_Destroyer,United States,N64,Yes
352,z0leko9z,348,http://www.speedrun.com/sm64/run/z0leko9z,2022-08-04T06:44:01Z,973.0,973.0,5j5gwr68,Speedrun,United States,EMU,Yes
353,mrowxw8m,348,http://www.speedrun.com/sm64/run/mrowxw8m,2023-04-02T00:47:42Z,973.0,973.0,1xy9r4yj,Mapiz,Italy,EMU,Yes
354,ydl9x80z,348,http://www.speedrun.com/sm64/run/ydl9x80z,2024-08-10T23:26:49Z,973.0,973.0,jo2o9me8,statXrin,United States,VC,Yes
355,ylp09v2m,348,http://www.speedrun.com/sm64/run/ylp09v2m,2024-12-18T03:26:01Z,973.0,973.0,8q34l9oj,LFoxy,,N64,Yes
356,zq522oxz,348,http://www.speedrun.com/sm64/run/zq522oxz,2026-01-14T17:57:07Z,973.0,973.0,8lrl9qr8,ImNightmare06,Mexico,EMU,Yes
357,yw4x5gnz,358,http://www.speedrun.com/sm64/run/yw4x5gnz,2020-01-05T09:43:25Z,974.0,974.0,0jmvmzj1,protoman5,United States,N64,Yes
358,mejwoo0y,358,http://www.speedrun.com/sm64/run/mejwoo0y,2022-02-12T18:50:08Z,974.0,974.0,jprkgm28,Nakamoo,Japan,N64,Yes
359,y4ndlv3m,358,http://www.speedrun.com/sm64/run/y4ndlv3m,2025-09-07T19:33:52Z,974.0,974.0,qjn5rg1j,Leupho,France,N64,Yes
360,m7vq1j4m,358,http://www.speedrun.com/sm64/run/m7vq1j4m,2025-10-11T15:42:30Z,974.0,974.0,8d34ve5x,Blackwall,Norway,N64,No
361,m324rv6y,358,http://www.speedrun.com/sm64/run/m324rv6y,2026-02-02T16:36:53Z,974.0,974.0,8ge1qw7j,Cima,Italy,EMU,Yes
362,jy9qw9rz,363,http://www.speedrun.com/sm64/run/jy9qw9rz,2017-02-15T09:25:50Z,975.0,975.0,zx766dyj,Tencho,Japan,N64,Yes
363,y8qlv1wy,363,http://www.speedrun.com/sm64/run/y8qlv1wy,2018-03-23T13:12:22Z,975.0,975.0,0jm02o81,Tristan,United States,N64,Yes
364,zxgrg6gy,363,http://www.speedrun.com/sm64/run/zxgrg6gy,2021-07-11T02:44:21Z,975.0,975.0,j5w9kqwj,Stomr,United States,N64,Yes
365,y4k7qldm,363,http://www.speedrun.com/sm64/run/y4k7qldm,2023-11-01T21:56:12Z,975.0,975.0,0jmllwo8,ninjaxc30,United States,EMU,Yes
366,y6269njz,363,http://www.speedrun.com/sm64/run/y6269njz,2023-06-04T01:51:07Z,975.0,975.0,zx73n50j,JDee,Canada,N64,Yes
367,y86ep31m,363,http://www.speedrun.com/sm64/run/y86ep31m,2023-06-17T18:19:23Z,975.0,975.0,j03z503j,Taki,Canada,N64,Yes
368,z58lg9jz,363,http://www.speedrun.com/sm64/run/z58lg9jz,2024-05-28T08:07:16Z,975.0,975.0,jo3qoo0j,fattylugia,United States,EMU,Yes
369,y9d15vvm,363,http://www.speedrun.com/sm64/run/y9d15vvm,2024-08-01T12:42:58Z,975.0,975.0,8ge47mrj,bugofcake,England,N64,Yes
370,z1395v9m,371,http://www.speedrun.com/sm64/run/z1395v9m,2018-01-14T05:58:28Z,976.0,976.0,v8l732jm,Jolteon92,England,VC,Yes
371,y27ldo5z,371,http://www.speedrun.com/sm64/run/y27ldo5z,2021-11-25T06:21:53Z,976.0,976.0,zx7zw1r8,egaSyeliR,United States,N64,Yes
372,ywjk7e0z,371,http://www.speedrun.com/sm64/run/ywjk7e0z,2022-01-13T23:05:14Z,976.0,976.0,j0391mwj,dmap1514,Germany,EMU,Yes
373,zn7v15lm,371,http://www.speedrun.com/sm64/run/zn7v15lm,2022-02-03T02:23:37Z,976.0,976.0,8wk04938,Dampe_td,Australia,N64,Yes
374,y4qg9nkm,371,http://www.speedrun.com/sm64/run/y4qg9nkm,2022-06-06T23:48:16Z,976.0,976.0,j5vgqlw8,crazywhw,United States,N64,Yes
375,y8kx4q1y,371,http://www.speedrun.com/sm64/run/y8kx4q1y,2023-11-27T04:52:39Z,976.0,976.0,xk4g0m9j,Dezod,United States,N64,Yes
376,z5k61j5z,371,http://www.speedrun.com/sm64/run/z5k61j5z,2024-01-14T23:16:52Z,976.0,976.0,o86m9k0j,xerint,Canada,N64,Yes
377,ylj94jkm,371,http://www.speedrun.com/sm64/run/ylj94jkm,2025-04-25T22:04:21Z,976.0,976.0,81mgml58,Juni_002,Mexico,EMU,Yes
378,mkro5j3z,371,http://www.speedrun.com/sm64/run/mkro5j3z,2026-01-12T03:58:10Z,976.0,976.0,8eo2q72j,potochi,Japan,N64,Yes
379,y2r89v5m,371,http://www.speedrun.com/sm64/run/y2r89v5m,2026-01-16T03:49:40Z,976.0,976.0,8gm0rny8,tamilon,Japan,N64,Yes
380,nz132x9m,371,http://www.speedrun.com/sm64/run/nz132x9m,2014-12-21T05:01:22Z,976.0,976.0,,,,N64,No
381,9mrq6ndy,382,http://www.speedrun.com/sm64/run/9mrq6ndy,2014-12-21T05:04:17Z,977.0,977.0,,,,N64,Yes
382,y67w6lqm,382,http://www.speedrun.com/sm64/run/y67w6lqm,2018-03-23T13:10:51Z,977.0,977.0,e8en9d78,muto,Japan,N64,Yes
383,m369rw4m,382,http://www.speedrun.com/sm64/run/m369rw4m,2021-12-01T03:14:33Z,977.0,977.0,qjoe6e86,Widdit,United States,N64,Yes
384,zg8jk1ny,382,http://www.speedrun.com/sm64/run/zg8jk1ny,2024-01-03T17:21:42Z,977.0,977.0,xz7o1wej,gingernips69420,England,EMU,Yes
385,y9p4562m,382,http://www.speedrun.com/sm64/run/y9p4562m,2025-04-14T02:40:12Z,977.0,977.0,8v211gyj,lloyD5569,United States,EMU,Yes
386,mrd3qw2z,382,http://www.speedrun.com/sm64/run/mrd3qw2z,2025-09-11T04:21:22Z,977.0,977.0,xko59n68,FleetingAzure,United States,N64,Yes
387,zg9k8gdm,382,http://www.speedrun.com/sm64/run/zg9k8gdm,2025-10-15T01:20:59Z,977.0,977.0,8w71kz3x,tabekkodoubutu,Japan,N64,Yes
388,y9528wez,389,http://www.speedrun.com/sm64/run/y9528wez,2019-06-19T02:45:49Z,978.0,978.0,qjn6yzwx,BennyMKW,United States,VC,Yes
389,m3qnlqqy,389,http://www.speedrun.com/sm64/run/m3qnlqqy,2023-06-05T01:44:50Z,978.0,978.0,zx71oy0x,FGSM,Scotland,EMU,Yes
390,z1n55e7y,389,http://www.speedrun.com/sm64/run/z1n55e7y,2024-07-27T19:43:55Z,978.0,978.0,98rp5mwj,chipi,United Kingdom,EMU,Yes
391,mko7wlvz,389,http://www.speedrun.com/sm64/run/mko7wlvz,2025-01-08T18:14:40Z,978.0,978.0,jp6ed5k8,TNewm2215,United States,EMU,Yes
392,m3lr8wqm,393,http://www.speedrun.com/sm64/run/m3lr8wqm,2023-01-16T21:17:40Z,979.0,979.0,xkogpw98,Flandral,Brazil,EMU,Yes
393,z0xrog9z,393,http://www.speedrun.com/sm64/run/z0xrog9z,2023-10-25T01:35:04Z,979.0,979.0,o86owz08,D3m0nf4ng,Germany,EMU,Yes
394,zglg07vm,393,http://www.speedrun.com/sm64/run/zglg07vm,2024-03-30T13:18:25Z,979.0,979.0,8l4e99lj,Timothy187,Germany,EMU,Yes
395,zq22n88z,393,http://www.speedrun.com/sm64/run/zq22n88z,2025-03-13T06:34:30Z,979.0,979.0,e8en3w68,OfficialFern,Puerto Rico,EMU,Yes
396,me288n9m,393,http://www.speedrun.com/sm64/run/me288n9m,2025-05-02T07:32:25Z,979.0,979.0,j52myw6j,Mario104,China,EMU,Yes
397,yw2gvvpy,393,http://www.speedrun.com/sm64/run/yw2gvvpy,2025-07-26T05:31:26Z,979.0,979.0,j92p9yr8,jacobo,United States,EMU,Yes
398,zpov3n8m,393,http://www.speedrun.com/sm64/run/zpov3n8m,2025-08-23T02:17:15Z,979.0,979.0,j2wnprnj,blupee,United States,EMU,Yes
399,yjwqqvdm,400,http://www.speedrun.com/sm64/run/yjwqqvdm,2024-01-13T08:08:35Z,980.0,980.0,o86z710x,zekeSSB,United States,N64,Yes
400,yj9l8n3z,400,http://www.speedrun.com/sm64/run/yj9l8n3z,2024-07-29T11:32:53Z,980.0,980.0,qjo0ge7j,millacks,Ireland,VC,Yes
401,yj9wkvnz,400,http://www.speedrun.com/sm64/run/yj9wkvnz,2024-09-21T00:23:12Z,980.0,980.0,1xyky4n8,thags15,United States,N64,Yes
402,yvjrolxy,403,http://www.speedrun.com/sm64/run/yvjrolxy,2018-10-23T05:11:07Z,981.0,981.0,,,,N64,Yes
403,zqvlwr9m,403,http://www.speedrun.com/sm64/run/zqvlwr9m,2021-11-19T08:50:03Z,981.0,981.0,zx7vky6x,Hafus,United States,N64,Yes
404,y20w3gwm,403,http://www.speedrun.com/sm64/run/y20w3gwm,2022-02-17T10:10:40Z,981.0,981.0,kjpmy0jq,ThatDrunkenDwarf,England,N64,Yes
405,mr2kq47y,403,http://www.speedrun.com/sm64/run/mr2kq47y,2023-10-01T12:24:45Z,981.0,981.0,qjoww378,Sawk,France,EMU,Yes
406,yd4o2kxy,403,http://www.speedrun.com/sm64/run/yd4o2kxy,2025-08-19T05:29:52Z,981.0,981.0,8102d9rx,Kalayo,,EMU,Yes
407,zg9kx6vm,403,http://www.speedrun.com/sm64/run/zg9kx6vm,2025-10-12T22:40:56Z,981.0,981.0,8g2zm0rj,meephs,,N64,Yes
408,y9wk5prz,403,http://www.speedrun.com/sm64/run/y9wk5prz,2025-12-24T16:53:17Z,981.0,981.0,dx3zd1qj,DragonDY,United Kingdom,EMU,Yes
409,9mrvv1gz,410,http://www.speedrun.com/sm64/run/9mrvv1gz,2016-08-26T18:14:07Z,982.0,982.0,zx73kqj7,Skaredogged97,Switzerland,EMU,Yes
410,mr8oqj8y,410,http://www.speedrun.com/sm64/run/mr8oqj8y,2018-11-20T11:29:59Z,982.0,982.0,v81v5p38,Meryl,Japan,N64,Yes
411,y93kqjky,410,http://www.speedrun.com/sm64/run/y93kqjky,2021-10-07T10:46:04Z,982.0,982.0,j51q9668,RianDiCielo,Panama,EMU,Yes
412,mkk0lelm,410,http://www.speedrun.com/sm64/run/mkk0lelm,2022-06-12T06:02:15Z,982.0,982.0,8end5g78,SonicGordon6,United States,EMU,Yes
413,yoe8jv7z,410,http://www.speedrun.com/sm64/run/yoe8jv7z,2025-08-22T08:30:17Z,982.0,982.0,x7qynyv8,prolix64,United States,N64,Yes
414,y2dj0e7z,415,http://www.speedrun.com/sm64/run/y2dj0e7z,2020-11-22T03:32:37Z,983.0,983.0,zxzn5rex,josiee,United States,N64,Yes
415,z5d3ngem,415,http://www.speedrun.com/sm64/run/z5d3ngem,2021-08-21T11:23:10Z,983.0,983.0,8wk5l448,killuminati,Norway,EMU,Yes
416,z1p821jz,415,http://www.speedrun.com/sm64/run/z1p821jz,2022-05-09T13:28:15Z,983.0,983.0,qj2l0wpx,zachhnl,Australia,EMU,Yes
417,z5er0njz,415,http://www.speedrun.com/sm64/run/z5er0njz,2023-01-13T15:31:46Z,983.0,983.0,8rl5e7q8,SteamEnjoyer,,EMU,Yes
418,y62713qz,415,http://www.speedrun.com/sm64/run/y62713qz,2023-05-06T00:15:09Z,983.0,983.0,pj09l9jw,BeastlyWhale,,N64,Yes
419,z5pv4onm,415,http://www.speedrun.com/sm64/run/z5pv4onm,2023-06-24T07:50:05Z,983.0,983.0,xyreddzj,squimmie,United States,N64,Yes
420,m309jdqm,415,http://www.speedrun.com/sm64/run/m309jdqm,2024-02-16T02:20:09Z,983.0,983.0,8eeeov68,kronkerlife,Norway,EMU,Yes
421,oy2g66jz,422,http://www.speedrun.com/sm64/run/oy2g66jz,2016-06-30T00:38:48Z,984.0,984.0,,,,EMU,No
422,zqvx131m,422,http://www.speedrun.com/sm64/run/zqvx131m,2021-11-25T16:09:29Z,984.0,984.0,5j5m99z8,Nari.,Japan,N64,Yes
423,znvoj09m,422,http://www.speedrun.com/sm64/run/znvoj09m,2023-06-05T00:40:02Z,984.0,984.0,8vk60z5j,Falling_Tacos,United States,N64,Yes
424,yl6oxd3y,422,http://www.speedrun.com/sm64/run/yl6oxd3y,2023-06-06T03:42:45Z,984.0,984.0,5j5w6qnj,kryptic80,United States,N64,Yes
425,ydjvv6qy,422,http://www.speedrun.com/sm64/run/ydjvv6qy,2023-08-02T00:12:13Z,984.0,984.0,8geyo77j,Leysauce,United States,N64,No
426,yvpnpq6y,422,http://www.speedrun.com/sm64/run/yvpnpq6y,2023-08-01T04:28:00Z,984.0,984.0,48gye018,Jalapiñecone,Canada,N64,Yes
427,yldrkjnm,422,http://www.speedrun.com/sm64/run/yldrkjnm,2024-04-01T03:55:52Z,984.0,984.0,jm3ymoo8,Its_CircleZ,United States,N64,Yes
428,yv7n04xy,422,http://www.speedrun.com/sm64/run/yv7n04xy,2025-08-06T11:18:20Z,984.0,984.0,xyovdowj,Drainsow,Germany,EMU,Yes
429,y815gxwz,430,http://www.speedrun.com/sm64/run/y815gxwz,2020-03-20T21:41:10Z,985.0,985.0,qj21v1o8,MINTMontgomery,Northern Ireland,N64,Yes
430,yjx82wdz,430,http://www.speedrun.com/sm64/run/yjx82wdz,2022-01-30T04:07:40Z,985.0,985.0,8qzwgr78,toilet64_,United States,N64,Yes
431,zpw499ny,430,http://www.speedrun.com/sm64/run/zpw499ny,2023-05-15T16:01:21Z,985.0,985.0,qxklwe78,Hypokamp,,EMU,Yes
432,z5g1p5gm,430,http://www.speedrun.com/sm64/run/z5g1p5gm,2024-07-19T12:22:43Z,985.0,985.0,8r36epq8,Wolfovis,Germany,N64,Yes
433,y4jp7r3y,430,http://www.speedrun.com/sm64/run/y4jp7r3y,2025-04-15T06:18:47Z,985.0,985.0,xzy06e4j,jigy5000,Canada,EMU,Yes
434,9me7de9y,430,http://www.speedrun.com/sm64/run/9me7de9y,2015-11-05T23:34:41Z,985.0,985.0,,,,N64,No
435,pzgjqnz2,436,http://www.speedrun.com/sm64/run/pzgjqnz2,,986.0,986.0,,,,N64,No
436,y2xnd69m,436,http://www.speedrun.com/sm64/run/y2xnd69m,2021-06-24T03:16:06Z,986.0,986.0,zx7qpq68,Sodaftmn,Mexico,N64,Yes
437,zqvn68xm,436,http://www.speedrun.com/sm64/run/zqvn68xm,2021-11-07T04:56:08Z,986.0,986.0,8rpp0egj,Bluth,United States,N64,No
438,y4o718dz,436,http://www.speedrun.com/sm64/run/y4o718dz,2023-06-14T17:22:51Z,986.0,986.0,86n94m0x,Joanbros,France,EMU,Yes
439,m3q31wgy,436,http://www.speedrun.com/sm64/run/m3q31wgy,2023-06-25T20:47:13Z,986.0,986.0,1xyqnov8,unpushplay,United States,N64,Yes
440,zgeo4ovy,436,http://www.speedrun.com/sm64/run/zgeo4ovy,2023-07-29T07:29:26Z,986.0,986.0,98ryllqj,Fizz,United States,VC,Yes
441,z196k2gm,436,http://www.speedrun.com/sm64/run/z196k2gm,2024-06-02T21:09:27Z,986.0,986.0,8d35ly5x,RetroTorpedo,Germany,EMU,Yes
442,yvxvp5oz,436,http://www.speedrun.com/sm64/run/yvxvp5oz,2024-09-23T21:57:21Z,986.0,986.0,j0ne9748,Hypodeck,Spain,EMU,Yes
443,yjqr15dm,436,http://www.speedrun.com/sm64/run/yjqr15dm,2025-08-23T05:01:04Z,986.0,986.0,xyy9z5vx,LuminanceLumi,Antarctica,EMU,Yes
444,9yoqdjzx,445,http://www.speedrun.com/sm64/run/9yoqdjzx,,987.0,987.0,,,,N64,Yes
445,y81o4qnz,445,http://www.speedrun.com/sm64/run/y81o4qnz,2020-01-18T03:06:55Z,987.0,987.0,8l050qv8,Kill1029,United States,EMU,Yes
446,znp6w39m,445,http://www.speedrun.com/sm64/run/znp6w39m,2022-07-13T18:40:44Z,987.0,987.0,j5v0w968,whyjos,Scotland,EMU,Yes
447,wzpkdryq,448,http://www.speedrun.com/sm64/run/wzpkdryq,,988.0,988.0,,,,N64,No
448,y2peq46z,448,http://www.speedrun.com/sm64/run/y2peq46z,2022-06-02T16:18:33Z,988.0,988.0,86vwom0j,WaterproofTeabag_,Australia,N64,Yes
449,zxwqn68m,448,http://www.speedrun.com/sm64/run/zxwqn68m,2023-12-24T05:21:23Z,988.0,988.0,jmp9v5oj,kortz,United States,N64,Yes
450,mrxro94m,448,http://www.speedrun.com/sm64/run/mrxro94m,2024-09-05T01:14:01Z,988.0,988.0,8rl1p168,Pascallion,,N64,Yes
451,ylx6jl3y,448,http://www.speedrun.com/sm64/run/ylx6jl3y,2024-09-19T01:34:07Z,988.0,988.0,8gem1r1j,Flank64,United States,N64,Yes
452,yvn71n8m,448,http://www.speedrun.com/sm64/run/yvn71n8m,2025-03-16T03:03:25Z,988.0,988.0,xz047ke8,Marirby,France,EMU,Yes
453,y28qwr7y,448,http://www.speedrun.com/sm64/run/y28qwr7y,2025-05-06T03:14:45Z,988.0,988.0,x7q1o0r8,oosui,Japan,N64,Yes
454,8yvpeq6y,448,http://www.speedrun.com/sm64/run/8yvpeq6y,2016-06-29T16:20:56Z,988.0,988.0,,,,N64,No
455,nz1vgrze,456,http://www.speedrun.com/sm64/run/nz1vgrze,,989.0,989.0,,,,N64,No
456,7z08n4m5,456,http://www.speedrun.com/sm64/run/7z08n4m5,,989.0,989.0,48gem41j,igreil,United States,N64,Yes
457,y43qjl3z,456,http://www.speedrun.com/sm64/run/y43qjl3z,2018-10-29T19:33:05Z,989.0,989.0,7j4rnew8,Xalince,Germany,EMU,Yes
458,ywqk9opy,456,http://www.speedrun.com/sm64/run/ywqk9opy,2021-05-19T07:28:52Z,989.0,989.0,qjnz771j,jane_dair,United States,N64,Yes
459,z0pn7e4y,456,http://www.speedrun.com/sm64/run/z0pn7e4y,2022-06-08T16:04:09Z,989.0,989.0,kj9egwv8,Afrodafro,Norway,N64,Yes
460,megxn89y,456,http://www.speedrun.com/sm64/run/megxn89y,2024-07-25T02:48:51Z,989.0,989.0,xz74z9rj,moabmauler,United States,N64,Yes
461,ylpx49km,456,http://www.speedrun.com/sm64/run/ylpx49km,2025-03-03T01:43:25Z,989.0,989.0,j40zzn58,Tiboulon,Cambodia,EMU,Yes
462,ydvodejy,456,http://www.speedrun.com/sm64/run/ydvodejy,2025-03-22T19:03:58Z,989.0,989.0,8vkrryvj,Jodie64,Germany,EMU,Yes
463,jy9pxnm4,456,http://www.speedrun.com/sm64/run/jy9pxnm4,,989.0,989.0,,,,N64,No
464,8m70e39y,465,http://www.speedrun.com/sm64/run/8m70e39y,2016-06-25T15:45:30Z,990.0,990.0,e8e6k12j,kumasyatyou,Japan,N64,No
465,m36q5lgm,465,http://www.speedrun.com/sm64/run/m36q5lgm,2022-02-02T14:19:04Z,990.0,990.0,48g23pyj,galapagos,Japan,N64,Yes
466,yw60060m,465,http://www.speedrun.com/sm64/run/yw60060m,2022-08-20T16:53:29Z,990.0,990.0,xz79p1nj,tanepota,Japan,N64,Yes
467,m3qq6vgy,465,http://www.speedrun.com/sm64/run/m3qq6vgy,2023-07-12T03:03:43Z,990.0,990.0,zx7gkrx7,alaris,United States,N64,Yes
468,y2we0qjy,465,http://www.speedrun.com/sm64/run/y2we0qjy,2024-09-04T05:21:19Z,990.0,990.0,j92d5kn8,DertoloSBC,Chile,EMU,Yes
469,yoeg3gjz,465,http://www.speedrun.com/sm64/run/yoeg3gjz,2025-08-29T03:34:17Z,990.0,990.0,8rm20ewj,FlamingFishsticks,United States,EMU,Yes
470,zp990xnm,471,http://www.speedrun.com/sm64/run/zp990xnm,2022-05-28T15:47:52Z,991.0,991.0,dx307r6x,NicV,United States,N64,Yes
471,z1plr4rz,471,http://www.speedrun.com/sm64/run/z1plr4rz,2022-06-13T21:28:41Z,991.0,991.0,86vvqv0j,DillaGames,Indonesia,EMU,Yes
472,meeg683m,471,http://www.speedrun.com/sm64/run/meeg683m,2023-03-05T19:16:26Z,991.0,991.0,j0nkyew8,Alemonster,United States,EMU,Yes
473,ywx0763m,471,http://www.speedrun.com/sm64/run/ywx0763m,2024-08-11T01:16:38Z,991.0,991.0,x7wzv1v8,ADRki11er,Brazil,EMU,Yes
474,y6jj7gjm,471,http://www.speedrun.com/sm64/run/y6jj7gjm,2025-08-10T04:42:37Z,991.0,991.0,j20qnrlx,MrFroggy,United States,N64,Yes
475,wzp1vg8z,476,http://www.speedrun.com/sm64/run/wzp1vg8z,2015-11-05T23:38:03Z,992.0,992.0,,,,N64,Yes
476,mr87lq2y,476,http://www.speedrun.com/sm64/run/mr87lq2y,2018-10-26T15:43:15Z,992.0,992.0,v8ly2mrj,sMicah,United States,N64,No
477,me3ke72z,476,http://www.speedrun.com/sm64/run/me3ke72z,2022-04-11T21:15:03Z,992.0,992.0,8l4kpv7j,dominatorj,United States,EMU,Yes
478,yld331km,476,http://www.speedrun.com/sm64/run/yld331km,2024-02-12T12:54:06Z,992.0,992.0,8l3rw0v8,GHDEVIL666,Netherlands,EMU,Yes
479,ywwd572y,476,http://www.speedrun.com/sm64/run/ywwd572y,2025-01-03T19:52:57Z,992.0,992.0,j0wnym48,BJCMD,Chile,EMU,Yes
480,zg65x9nm,476,http://www.speedrun.com/sm64/run/zg65x9nm,2025-09-04T19:10:02Z,992.0,992.0,86nk3mpx,YogoC,United States,N64,Yes
481,zpo7nqxm,476,http://www.speedrun.com/sm64/run/zpo7nqxm,2025-09-10T13:38:23Z,992.0,992.0,8rm455qj,Xela_,Venezuela,EMU,Yes
482,yv53q8xm,476,http://www.speedrun.com/sm64/run/yv53q8xm,2025-10-13T19:03:13Z,992.0,992.0,j5vvg3z8,McKiix,United States,EMU,Yes
483,yv5o6w8m,476,http://www.speedrun.com/sm64/run/yv5o6w8m,2025-11-15T04:27:54Z,992.0,992.0,zxz63me8,RedsMSR,Canada,VC,Yes
484,zgjjp50z,485,http://www.speedrun.com/sm64/run/zgjjp50z,2025-03-10T15:23:46Z,993.0,993.0,j4rlpz58,Gloupi,Switzerland,VC,Yes
485,zp8jqwgy,485,http://www.speedrun.com/sm64/run/zp8jqwgy,2021-11-18T16:58:36Z,993.0,993.0,qjo5lrl8,SaltAndGinger,Jersey,EMU,Yes
486,y88nr3dy,485,http://www.speedrun.com/sm64/run/y88nr3dy,2022-07-10T07:08:09Z,993.0,993.0,qxkovr28,zach,United States,N64,Yes
487,y8w5d1dy,485,http://www.speedrun.com/sm64/run/y8w5d1dy,2024-07-01T09:06:46Z,993.0,993.0,j5wz4knj,thatbirddude,United States,N64,Yes
488,yox3nqjy,485,http://www.speedrun.com/sm64/run/yox3nqjy,2024-08-03T19:46:29Z,993.0,993.0,xz0177e8,datredphoenix,Australia,EMU,Yes
489,y6gpk5qm,485,http://www.speedrun.com/sm64/run/y6gpk5qm,2024-12-17T15:37:42Z,993.0,993.0,814k0k38,DZQ,France,EMU,Yes
490,mrd8j0dz,485,http://www.speedrun.com/sm64/run/mrd8j0dz,2025-05-01T17:53:28Z,993.0,993.0,dx3e5k7j,wRadion,France,N64,Yes
491,y9e5592z,485,http://www.speedrun.com/sm64/run/y9e5592z,2025-05-09T09:46:55Z,993.0,993.0,kjpev90x,Kiaraosu,Germany,EMU,Yes
492,m7ll6d0y,485,http://www.speedrun.com/sm64/run/m7ll6d0y,2025-08-12T10:15:08Z,993.0,993.0,7j4rz5m8,TheBarinade,Australia,N64,Yes
493,ydol84qz,485,http://www.speedrun.com/sm64/run/ydol84qz,2026-01-04T17:06:37Z,993.0,993.0,8gzkey1j,Camilito,Venezuela,EMU,Yes
494,ywklo4py,495,http://www.speedrun.com/sm64/run/ywklo4py,2021-11-28T17:26:43Z,994.0,994.0,zxznlrrx,BobToad,United States,N64,Yes
495,ywrq620m,495,http://www.speedrun.com/sm64/run/ywrq620m,2023-06-11T00:01:00Z,994.0,994.0,8rlr3pg8,siggyscorp,United States,N64,Yes
496,z5g186dm,495,http://www.speedrun.com/sm64/run/z5g186dm,2024-07-20T00:34:38Z,994.0,994.0,x336dy2x,Rikuze,France,EMU,Yes
497,zxj81p8y,495,http://www.speedrun.com/sm64/run/zxj81p8y,2025-02-08T03:30:21Z,994.0,994.0,v8159vlj,collins_vg,United States,N64,Yes
498,zgjlr9jz,495,http://www.speedrun.com/sm64/run/zgjlr9jz,2025-02-27T02:39:03Z,994.0,994.0,8rp329wj,Sliaz64,United States,N64,Yes
499,zq4gv38m,500,http://www.speedrun.com/sm64/run/zq4gv38m,2020-10-20T11:08:35Z,995.0,995.0,98r1n2qj,Nanashi745,Japan,N64,Yes
500,zgdxjlnz,500,http://www.speedrun.com/sm64/run/zgdxjlnz,2022-01-04T09:22:14Z,995.0,995.0,5j594e6x,peta,Japan,N64,Yes
501,yl5n713z,500,http://www.speedrun.com/sm64/run/yl5n713z,2025-12-13T23:53:30Z,995.0,995.0,jmo3d1e8,Superstinkyburps,United States,N64,Yes
502,zn5gjg7z,500,http://www.speedrun.com/sm64/run/zn5gjg7z,2026-01-18T17:01:05Z,995.0,995.0,joz4g138,yJotape,Brazil,EMU,Yes
